1,,Novak Djokovic,SRB,13845,-,-,-,-,-,,Thu Jun 11 00:00:09 2015
2,,Roger Federer,SUI,9165,-,-,-,-,-,,Thu Jun 11 00:00:09 2015
3,,Andy Murray,GBR,7040,-,-,-,-,-,,Thu Jun 11 00:00:09 2015
4,,Stan Wawrinka,SUI,5790,-,-,-,-,-,,Thu Jun 11 00:00:09 2015
5,,Kei Nishikori,JPN,5570,-,-,-,-,-,,Thu Jun 11 00:00:09 2015
6,,Tomas Berdych,CZE,5050,-,-,-,-,-,,Thu Jun 11 00:00:09 2015
7,,David Ferrer,ESP,4490,-,-,-,-,-,,Thu Jun 11 00:00:09 2015
8,,Milos Raonic,CAN,4440,-,-,-,-,-,,Thu Jun 11 00:00:09 2015
9,,Marin Cilic,CRO,3460,-,Stuttgart R16,-,3495,3700,,Thu Jun 11 00:00:09 2015
10,,Rafael Nadal,ESP,2930,-,Stuttgart R16,-,2930,3135,,Thu Jun 11 00:00:09 2015
11,,Grigor Dimitrov,BUL,2600,-,-,-,-,-,,Thu Jun 11 00:00:09 2015
12,,Jo Wilfried Tsonga,FRA,2565,-,-,-,-,-,,Thu Jun 11 00:00:09 2015
13,,Gilles Simon,FRA,2300,-,-,-,-,-,,Thu Jun 11 00:00:09 2015
14,,Feliciano Lopez,ESP,2140,-,-,Lost in Stuttgart R16,-,-,,Thu Jun 11 00:00:09 2015
15,,David Goffin,BEL,1915,-,'s-Hertogenbosch R16,-,1915,2110,,Thu Jun 11 00:00:09 2015
16,,Gael Monfils,FRA,1885,-,Stuttgart QF,-,1885,2045,,Thu Jun 11 00:00:09 2015
17,,Kevin Anderson,RSA,1880,-,-,-,-,-,,Thu Jun 11 00:00:09 2015
18,,John Isner,USA,1845,-,-,-,-,-,,Thu Jun 11 00:00:09 2015
19,,Richard Gasquet,FRA,1715,-,-,-,-,-,,Thu Jun 11 00:00:09 2015
20,,Tommy Robredo,ESP,1710,-,-,-,-,-,,Thu Jun 11 00:00:09 2015
21,,Roberto Bautista Agut,ESP,1705,-,'s-Hertogenbosch R16,-,1705,1865,,Thu Jun 11 00:00:09 2015
22,,Leonardo Mayer,ARG,1580,-,-,-,-,-,,Thu Jun 11 00:00:09 2015
23,,Pablo Cuevas,URU,1502,-,-,-,-,-,,Thu Jun 11 00:00:09 2015
24,,Bernard Tomic,AUS,1355,-,Stuttgart R16,-,1355,1560,,Thu Jun 11 00:00:09 2015
25,,Fabio Fognini,ITA,1250,+1,-,-,-,-,,Thu Jun 11 00:00:09 2015
26,,Ivo Karlovic,CRO,1250,+1,'s-Hertogenbosch QF,-,1295,1455,,Thu Jun 11 00:00:09 2015
27,,Viktor Troicki,SRB,1249,+1,Stuttgart QF,-,1294,1454,,Thu Jun 11 00:00:09 2015
28,,Nick Kyrgios,AUS,1245,-3,-,-,-,-,,Thu Jun 11 00:00:09 2015
29,,Dominic Thiem,AUT,1225,+1,-,Lost in Stuttgart R32,-,-,,Thu Jun 11 00:00:09 2015
30,,Jack Sock,USA,1215,+1,-,-,-,-,,Thu Jun 11 00:00:09 2015
31,,Philipp Kohlschreiber,GER,1195,-2,Stuttgart QF,-,1240,1400,,Thu Jun 11 00:00:09 2015
32,,Adrian Mannarino,FRA,1188,-,'s-Hertogenbosch R16,-,1188,1393,,Thu Jun 11 00:00:09 2015
33,,Juan Monaco,ARG,1170,-,-,-,-,-,,Thu Jun 11 00:00:09 2015
34,,Guillermo Garcia Lopez,ESP,1165,-,-,Lost in 's-Hertogenbosch R16,-,-,,Thu Jun 11 00:00:09 2015
35,,Martin Klizan,SVK,1125,+1,-,-,-,-,,Thu Jun 11 00:00:09 2015
36,,Pablo Andujar,ESP,1125,-1,-,-,-,-,,Thu Jun 11 00:00:09 2015
37,,Jeremy Chardy,FRA,1120,-,-,-,-,-,,Thu Jun 11 00:00:09 2015
38,,Sam Querrey,USA,1080,+1,-,-,-,-,,Thu Jun 11 00:00:09 2015
39,,Lukas Rosol,CZE,1067,-1,-,Lost in Stuttgart R32,-,-,,Thu Jun 11 00:00:09 2015
40,,Thomaz Bellucci,BRA,1065,-,-,-,-,-,,Thu Jun 11 00:00:09 2015
41,,Borna Coric,CRO,1050,-,-,Lost in Stuttgart R32,-,-,,Thu Jun 11 00:00:09 2015
42,,Fernando Verdasco,ESP,1045,-,-,Lost in 's-Hertogenbosch R16,-,-,,Thu Jun 11 00:00:09 2015
43,,Benjamin Becker,GER,1045,-,-,Lost in Stuttgart R32,-,-,,Thu Jun 11 00:00:09 2015
44,,Joao Sousa,POR,1043,-,'s-Hertogenbosch R16,-,1043,1248,,Thu Jun 11 00:00:09 2015
45,,Andreas Seppi,ITA,1020,-,Stuttgart R16,-,1025,1230,,Thu Jun 11 00:00:09 2015
46,,Jiri Vesely,CZE,980,-,-,-,-,-,,Thu Jun 11 00:00:09 2015
47,,Julien Benneteau,FRA,955,-,-,-,-,-,,Thu Jun 11 00:00:09 2015
48,,Victor Estrella Burgos,DOM,941,-,-,-,-,-,,Thu Jun 11 00:00:09 2015
49,,Sergiy Stakhovsky,UKR,929,-,-,Lost in Stuttgart R32,-,-,,Thu Jun 11 00:00:09 2015
50,,Gilles Muller,LUX,908,+3,'s-Hertogenbosch QF,-,953,1113,,Thu Jun 11 00:00:09 2015
51,,Jerzy Janowicz,POL,905,-1,-,Lost in Stuttgart R16,-,-,,Thu Jun 11 00:00:09 2015
52,,Vasek Pospisil,CAN,895,-,-,Lost in 's-Hertogenbosch R16,-,-,,Thu Jun 11 00:00:09 2015
53,,Steve Johnson,USA,870,-2,-,-,-,-,,Thu Jun 11 00:00:09 2015
54,,Andreas Haider Maurer,AUT,857,+1,-,Lost in Stuttgart R16,-,-,,Thu Jun 11 00:00:09 2015
55,,Simone Bolelli,ITA,846,+1,-,-,-,-,,Thu Jun 11 00:00:09 2015
56,,Donald Young,USA,830,+1,-,-,-,-,,Thu Jun 11 00:00:09 2015
57,,Teymuraz Gabashvili,RUS,809,+1,Moscow QF,-,825,882,,Thu Jun 11 00:00:09 2015
58,,Mikhail Kukushkin,KAZ,802,+1,-,Lost in Stuttgart R32,-,-,,Thu Jun 11 00:00:09 2015
59,,Marcos Baghdatis,CYP,797,+4,Stuttgart R16,-,822,1027,,Thu Jun 11 00:00:09 2015
60,,Albert Ramos Vinolas,ESP,793,-,Caltanissetta R16,-,798,898,,Thu Jun 11 00:00:09 2015
61,,Santiago Giraldo,COL,790,-,-,-,-,-,,Thu Jun 11 00:00:09 2015
62,,Yen Hsun Lu,TPE,764,-,-,Lost in 's-Hertogenbosch R32,-,-,,Thu Jun 11 00:00:09 2015
63,,Daniel Gimeno Traver,ESP,763,+1,-,Lost in 's-Hertogenbosch R32,-,-,,Thu Jun 11 00:00:09 2015
64,,Diego Schwartzman,ARG,760,+1,-,-,-,-,,Thu Jun 11 00:00:09 2015
65,,Pablo Carreno Busta,ESP,745,-11,-,-,-,-,,Thu Jun 11 00:00:09 2015
66,,Benoit Paire,FRA,743,+1,-,Lost in 's-Hertogenbosch R32,-,-,,Thu Jun 11 00:00:09 2015
67,,Sam Groth,AUS,743,-1,Stuttgart QF,-,788,948,,Thu Jun 11 00:00:09 2015
68,,Marcel Granollers,ESP,715,-,Moscow QF,-,723,780,,Thu Jun 11 00:00:09 2015
69,,Thanasi Kokkinakis,AUS,693,-,-,-,-,-,,Thu Jun 11 00:00:09 2015
70,,Mikhail Youzhny,RUS,685,+1,-,Lost in 's-Hertogenbosch R32,-,-,,Thu Jun 11 00:00:09 2015
71,,Tim Smyczek,USA,682,+1,-,-,-,-,,Thu Jun 11 00:00:09 2015
72,,Aljaz Bedene,GBR,678,+1,-,-,-,-,,Thu Jun 11 00:00:09 2015
73,,Steve Darcis,BEL,664,+3,-,-,-,-,,Thu Jun 11 00:00:09 2015
74,,Hyeon Chung,KOR,661,-,-,Lost in Qualification 's-Hertogenbosch R1,-,-,,Thu Jun 11 00:00:09 2015
75,,Joao Souza,BRA,650,-5,-,Lost in Prague R32,-,-,,Thu Jun 11 00:00:09 2015
76,,Marsel Ilhan,TUR,647,+2,-,Lost in 's-Hertogenbosch R32,-,-,,Thu Jun 11 00:00:09 2015
77,,Alexandr Dolgopolov,UKR,645,-2,-,Lost in Stuttgart R32,-,-,,Thu Jun 11 00:00:09 2015
78,,Robin Haase,NED,636,+5,'s-Hertogenbosch QF,-,681,841,,Thu Jun 11 00:00:09 2015
79,,Federico Delbonis,ARG,627,-,-,-,-,-,,Thu Jun 11 00:00:09 2015
80,,Alexander Zverev,GER,624,+4,-,Lost in Stuttgart R16,-,-,,Thu Jun 11 00:00:09 2015
81,,Malek Jaziri,TUN,620,-1,-,-,-,-,,Thu Jun 11 00:00:09 2015
82,,Denis Istomin,UZB,620,-1,-,Lost in 's-Hertogenbosch R32,-,-,,Thu Jun 11 00:00:09 2015
83,,Dusan Lajovic,SRB,615,-1,-,-,-,-,,Thu Jun 11 00:00:09 2015
84,,Dudi Sela,ISR,607,+1,-,-,-,-,,Thu Jun 11 00:00:09 2015
85,,Ernests Gulbis,LAT,600,+2,-,-,-,-,,Thu Jun 11 00:00:09 2015
86,,James Duckworth,AUS,594,-,-,-,-,-,,Thu Jun 11 00:00:09 2015
87,,Paolo Lorenzi,ITA,588,+1,-,-,-,-,,Thu Jun 11 00:00:09 2015
88,,Damir Dzumhur,BIH,584,+1,Moscow R16,-,593,666,,Thu Jun 11 00:00:09 2015
89,,Go Soeda,JPN,575,+1,-,-,-,-,,Thu Jun 11 00:00:09 2015
90,,Nicolas Mahut,FRA,571,+7,'s-Hertogenbosch R16,Qualification 's-Hertogenbosch W,596,801,,Thu Jun 11 00:00:09 2015
91,,Blaz Kavcic,SLO,571,-14,-,Lost in 's-Hertogenbosch R32,-,-,,Thu Jun 11 00:00:09 2015
92,,Ricardas Berankis,LTU,567,+1,-,Lost in 's-Hertogenbosch R32,-,-,,Thu Jun 11 00:00:09 2015
93,,Jarkko Nieminen,FIN,564,-2,-,Lost in 's-Hertogenbosch R32,-,-,,Thu Jun 11 00:00:09 2015
94,,Lukas Lacko,SVK,557,-2,-,-,-,-,,Thu Jun 11 00:00:09 2015
95,,Blaz Rola,SLO,551,+1,-,Lost in Moscow R32,-,-,,Thu Jun 11 00:00:09 2015
96,,Ruben Bemelmans,BEL,541,+2,-,Lost in Qualification 's-Hertogenbosch R2,-,-,,Thu Jun 11 00:00:09 2015
97,,Lucas Pouille,FRA,539,-3,-,Lost in Qualification 's-Hertogenbosch R1,-,-,,Thu Jun 11 00:00:09 2015
98,,Andrey Kuznetsov,RUS,527,+1,-,-,-,-,,Thu Jun 11 00:00:09 2015
99,,Kimmer Coppejans,BEL,518,+4,Prague QF,-,534,591,,Thu Jun 11 00:00:09 2015
100,,Tatsuma Ito,JPN,510,+6,-,Qualification 's-Hertogenbosch WLost in 's-Hertogenbosch R16,-,-,,Thu Jun 11 00:00:09 2015
101,,Kyle Edmund,GBR,509,-,-,-,-,-,,Thu Jun 11 00:00:09 2015
102,,Luca Vanni,ITA,505,-2,-,Lost in Surbiton R32,-,-,,Thu Jun 11 00:00:09 2015
103,,Jurgen Melzer,AUT,500,+6,'s-Hertogenbosch R16,-,525,730,,Thu Jun 11 00:00:09 2015
104,,Guido Pella,ARG,499,+3,Caltanissetta R16,-,514,614,,Thu Jun 11 00:00:09 2015
105,,Jan Lennard Struff,GER,498,-,-,Lost in Stuttgart R32,-,-,,Thu Jun 11 00:00:09 2015
106,,Matthias Bachinger,GER,486,+10,Stuttgart R16,Lost in Qualification Stuttgart R3,511,716,,Thu Jun 11 00:00:09 2015
107,,James Ward,GBR,483,+1,-,Lost in Surbiton R32,-,-,,Thu Jun 11 00:00:09 2015
108,,Maximo Gonzalez,ARG,483,-13,Caltanissetta R16,-,498,598,,Thu Jun 11 00:00:09 2015
109,,Illya Marchenko,UKR,482,+10,'s-Hertogenbosch R16,Qualification 's-Hertogenbosch W,507,712,,Thu Jun 11 00:00:09 2015
110,,Carlos Berlocq,ARG,480,-,-,-,-,-,,Thu Jun 11 00:00:09 2015
111,,Alejandro Gonzalez,COL,479,+9,Caltanissetta QF,-,499,579,,Thu Jun 11 00:00:09 2015
112,,Adrian Menendez Maceiras,ESP,477,-1,-,Lost in Qualification 's-Hertogenbosch R1,-,-,,Thu Jun 11 00:00:09 2015
113,,Dustin Brown,GER,474,-9,-,Qualification Stuttgart WLost in Stuttgart R32,-,-,,Thu Jun 11 00:00:09 2015
114,,Austin Krajicek,USA,468,-,-,Lost in Qualification 's-Hertogenbosch R1,-,-,,Thu Jun 11 00:00:09 2015
115,,Ivan Dodig,CRO,466,-,-,-,-,-,,Thu Jun 11 00:00:09 2015
116,,Lleyton Hewitt,AUS,465,-4,-,Lost in 's-Hertogenbosch R32,-,-,,Thu Jun 11 00:00:09 2015
117,,John Millman,AUS,463,+1,-,-,-,-,,Thu Jun 11 00:00:09 2015
118,,Filip Krajinovic,SRB,457,-1,-,Lost in Qualification Stuttgart R3,-,-,,Thu Jun 11 00:00:09 2015
119,,Taro Daniel,JPN,445,+6,Prague QF,-,461,518,,Thu Jun 11 00:00:09 2015
120,,Thiemo de Bakker,NED,443,+1,-,Lost in Qualification 's-Hertogenbosch R2,-,-,,Thu Jun 11 00:00:09 2015
121,,Aleksandr Nedovyesov,KAZ,441,+2,Prague QF,-,457,514,,Thu Jun 11 00:00:09 2015
122,,Paul Henri Mathieu,FRA,429,+2,-,Lost in Qualification 's-Hertogenbosch R2,-,-,,Thu Jun 11 00:00:09 2015
123,,Ryan Harrison,USA,428,+7,Surbiton QF,-,442,493,,Thu Jun 11 00:00:09 2015
124,,Radu Albot,MDA,423,+5,Moscow QF,-,439,496,,Thu Jun 11 00:00:09 2015
125,,Marco Cecchinato,ITA,423,+6,Caltanissetta QF,-,443,523,,Thu Jun 11 00:00:09 2015
126,,Farrukh Dustov,UZB,420,-,-,Lost in Qualification Stuttgart R1,-,-,,Thu Jun 11 00:00:09 2015
127,,Daniel Munoz De La Nava,ESP,415,+7,Moscow QF,-,431,488,,Thu Jun 11 00:00:09 2015
128,,Albert Montanes,ESP,405,+8,Prague QF,-,421,478,,Thu Jun 11 00:00:09 2015
129,,Edouard Roger Vasselin,FRA,402,-1,-,-,-,-,,Thu Jun 11 00:00:09 2015
130,,Andrey Golubev,KAZ,402,+2,-,-,-,-,,Thu Jun 11 00:00:09 2015
131,,Facundo Bagnis,ARG,397,-18,-,-,-,-,,Thu Jun 11 00:00:09 2015
132,,Bjorn Fratangelo,USA,397,+12,Caltanissetta QF,-,417,497,,Thu Jun 11 00:00:09 2015
133,,Facundo Arguello,ARG,392,-,-,-,-,-,,Thu Jun 11 00:00:09 2015
134,,Marinko Matosevic,AUS,391,-12,-,Lost in 's-Hertogenbosch R32,-,-,,Thu Jun 11 00:00:09 2015
135,,Denis Kudla,USA,391,+4,Surbiton QF,-,405,456,,Thu Jun 11 00:00:09 2015
136,,Horacio Zeballos,ARG,391,+4,Moscow R16,-,400,473,,Thu Jun 11 00:00:09 2015
137,,Andre Ghem,BRA,391,-2,-,Lost in Prague R16,-,-,,Thu Jun 11 00:00:09 2015
138,,Michael Berrer,GER,386,+3,-,Lost in Qualification Stuttgart R3,-,-,,Thu Jun 11 00:00:09 2015
139,,Michal Przysiezny,POL,380,+3,-,Lost in Qualification Stuttgart R2,-,-,,Thu Jun 11 00:00:09 2015
140,,Yoshihito Nishioka,JPN,378,+7,Surbiton QF,-,392,443,,Thu Jun 11 00:00:09 2015
141,,Alexander Kudryavtsev,RUS,376,-14,-,Lost in Moscow R32,-,-,,Thu Jun 11 00:00:09 2015
142,,Inigo Cervantes,ESP,373,+9,Prague QF,-,389,446,,Thu Jun 11 00:00:09 2015
143,,Nicolas Almagro,ESP,370,+3,-,-,-,-,,Thu Jun 11 00:00:09 2015
144,,Yuichi Sugita,JPN,362,+6,-,Lost in Qualification Stuttgart R3,-,-,,Thu Jun 11 00:00:09 2015
145,,Alejandro Falla,COL,358,-43,-,Lost in Qualification Stuttgart R2,-,-,,Thu Jun 11 00:00:09 2015
146,,Rajeev Ram,USA,356,-8,-,-,-,-,,Thu Jun 11 00:00:09 2015
147,,Norbert Gombos,SVK,355,-10,Prague R16,-,364,437,,Thu Jun 11 00:00:09 2015
148,,Pierre Hugues Herbert,FRA,353,-5,-,Lost in Qualification 's-Hertogenbosch R3,-,-,,Thu Jun 11 00:00:09 2015
149,,Nikoloz Basilashvili,GEO,351,-,-,Lost in Qualification Stuttgart R1,-,-,,Thu Jun 11 00:00:09 2015
150,,Konstantin Kravchuk,RUS,350,-5,-,-,-,-,,Thu Jun 11 00:00:09 2015
151,,Jimmy Wang,TPE,345,+2,-,Lost in Qualification Stuttgart R1,-,-,,Thu Jun 11 00:00:09 2015
152,,Tobias Kamke,GER,343,+2,-,-,-,-,,Thu Jun 11 00:00:09 2015
153,,Jurgen Zopp,EST,339,+3,-,Lost in Qualification 's-Hertogenbosch R2,-,-,,Thu Jun 11 00:00:09 2015
154,,Yuki Bhambri,IND,337,+3,-,Lost in Surbiton R32,-,-,,Thu Jun 11 00:00:09 2015
155,,Jared Donaldson,USA,335,-3,-,Lost in Surbiton R16,-,-,,Thu Jun 11 00:00:09 2015
156,,Peter Gojowczyk,GER,328,-8,-,Qualification Stuttgart WLost in Stuttgart R32,-,-,,Thu Jun 11 00:00:09 2015
157,,James McGee,IRL,325,+6,Surbiton QF,-,339,390,,Thu Jun 11 00:00:09 2015
158,,John Patrick Smith,AUS,323,+4,Surbiton QF,-,337,388,,Thu Jun 11 00:00:09 2015
159,,Guilherme Clezar,BRA,322,+9,Caltanissetta QF,-,342,422,,Thu Jun 11 00:00:09 2015
160,,Renzo Olivo,ARG,321,+4,Moscow R16,-,330,403,,Thu Jun 11 00:00:09 2015
161,,Kenny De Schepper,FRA,320,-3,-,Lost in Qualification 's-Hertogenbosch R3Lost in 's-Hertogenbosch R32,-,-,,Thu Jun 11 00:00:09 2015
162,,Marton Fucsovics,HUN,319,+4,Prague QF,-,335,392,,Thu Jun 11 00:00:09 2015
163,,Niels Desein,BEL,313,-3,-,Lost in Surbiton R32,-,-,,Thu Jun 11 00:00:09 2015
164,,Jason Kubler,AUS,312,+1,-,-,-,-,,Thu Jun 11 00:00:09 2015
165,,Igor Sijsling,NED,310,+4,-,Lost in Surbiton R16,-,-,,Thu Jun 11 00:00:09 2015
166,,Elias Ymer,SWE,310,+5,Caltanissetta R16,-,325,425,,Thu Jun 11 00:00:09 2015
167,,Gastao Elias,POR,305,-12,Caltanissetta R16,-,320,420,,Thu Jun 11 00:00:09 2015
168,,Gerald Melzer,AUT,305,-1,-,Lost in Prague R32,-,-,,Thu Jun 11 00:00:09 2015
169,,Roberto Carballes Baena,ESP,302,+3,Caltanissetta R16,-,317,417,,Thu Jun 11 00:00:09 2015
170,,Somdev Devvarman,IND,296,+3,-,Lost in Qualification Stuttgart R1,-,-,,Thu Jun 11 00:00:09 2015
171,,Hiroki Moriya,JPN,294,-1,-,Lost in Surbiton R32,-,-,,Thu Jun 11 00:00:09 2015
172,,Maxime Authom,BEL,292,+6,-,Lost in Surbiton R16,-,-,,Thu Jun 11 00:00:09 2015
173,,Evgeny Donskoy,RUS,291,+1,Moscow R16,-,300,373,,Thu Jun 11 00:00:09 2015
174,,Guido Andreozzi,ARG,287,+1,-,Lost in Caltanissetta R32,-,-,,Thu Jun 11 00:00:09 2015
175,,Aslan Karatsev,RUS,284,+1,-,Lost in Qualification Stuttgart R1,-,-,,Thu Jun 11 00:00:09 2015
176,,Liam Broady,GBR,282,+3,-,Lost in Surbiton R32,-,-,,Thu Jun 11 00:00:09 2015
177,,Andrea Arnaboldi,ITA,279,+3,Caltanissetta R16,-,294,394,,Thu Jun 11 00:00:09 2015
178,,Luke Saville,AUS,277,+5,-,Lost in Surbiton R16,-,-,,Thu Jun 11 00:00:09 2015
179,,Andreas Beck,GER,276,+2,-,Lost in Qualification Stuttgart R1,-,-,,Thu Jun 11 00:00:09 2015
180,,Nicolas Jarry,CHI,276,-3,-,Lost in Qualification 's-Hertogenbosch R1,-,-,,Thu Jun 11 00:00:09 2015
181,,Brydan Klein,GBR,275,+7,Surbiton QF,-,289,340,,Thu Jun 11 00:00:09 2015
182,,Marius Copil,ROU,274,+14,'s-Hertogenbosch QF,-,319,479,,Thu Jun 11 00:00:09 2015
183,,Matthew Ebden,AUS,274,+6,Surbiton QF,-,288,339,,Thu Jun 11 00:00:09 2015
184,,Jozef Kovalik,SVK,274,+6,Prague QF,-,290,347,,Thu Jun 11 00:00:09 2015
185,,Jan Hernych,CZE,273,-,-,Lost in Qualification 's-Hertogenbosch R3,-,-,,Thu Jun 11 00:00:09 2015
186,,Thomas Fabbiano,ITA,273,-,-,Lost in Surbiton R16,-,-,,Thu Jun 11 00:00:09 2015
187,,Laslo Djere,SRB,265,-5,-,Lost in Moscow R32,-,-,,Thu Jun 11 00:00:09 2015
188,,Christian Lindell,SWE,263,-4,-,Lost in Prague R32,-,-,,Thu Jun 11 00:00:09 2015
189,,Adrian Ungur,ROU,258,+4,-,Lost in Caltanissetta R16,-,-,,Thu Jun 11 00:00:09 2015
190,,Victor Hanescu,ROU,254,+2,-,Lost in Caltanissetta R32,-,-,,Thu Jun 11 00:00:09 2015
191,,Jose Hernandez Fernandez,DOM,253,-,-,-,-,-,,Thu Jun 11 00:00:09 2015
192,,Dennis Novikov,USA,252,+6,-,Lost in Caltanissetta R16,-,-,,Thu Jun 11 00:00:09 2015
193,,Germain Gigounon,BEL,249,+2,-,-,-,-,,Thu Jun 11 00:00:09 2015
194,,Chase Buchanan,USA,245,+3,-,Lost in Surbiton R32,-,-,,Thu Jun 11 00:00:09 2015
195,,Radek Stepanek,CZE,242,-36,-,-,-,-,,Thu Jun 11 00:00:09 2015
196,,Tim Puetz,GER,241,+4,-,Lost in Qualification Stuttgart R1,-,-,,Thu Jun 11 00:00:09 2015
197,,Nicolas Kicker,ARG,241,+5,-,-,-,-,,Thu Jun 11 00:00:09 2015
198,,Giovanni Lapentti,ECU,240,+3,-,Lost in Prague R32,-,-,,Thu Jun 11 00:00:09 2015
199,,Connor Smith,USA,240,+4,-,Lost in Surbiton R32,-,-,,Thu Jun 11 00:00:09 2015
200,,Hans Podlipnik Castillo,CHI,240,+8,-,Lost in Prague R16,-,-,,Thu Jun 11 00:00:09 2015
201,,Jason Jung,TPE,238,+5,-,Lost in Surbiton R16,-,-,,Thu Jun 11 00:00:09 2015
202,,Saketh Myneni,IND,237,+3,-,Lost in Surbiton R32,-,-,,Thu Jun 11 00:00:09 2015
203,,Ruben Ramirez Hidalgo,ESP,235,-9,-,Lost in Moscow R32,-,-,,Thu Jun 11 00:00:09 2015
204,,Ze Zhang,CHN,234,-17,-,Lost in Surbiton R32,-,-,,Thu Jun 11 00:00:09 2015
205,,Jarmere Jenkins,USA,233,+2,-,Lost in Surbiton R32,-,-,,Thu Jun 11 00:00:09 2015
206,,Frank Dancevic,CAN,232,-45,-,Lost in Qualification Stuttgart R1,-,-,,Thu Jun 11 00:00:09 2015
207,,Alexander Sarkissian,USA,230,+3,Hong Kong QF,-,234,246,,Thu Jun 11 00:00:09 2015
208,,Ramkumar Ramanathan,IND,230,+1,-,Lost in Hong Kong R32,-,-,,Thu Jun 11 00:00:09 2015
209,,Vincent Millot,FRA,228,-10,-,Lost in Prague R32,-,-,,Thu Jun 11 00:00:09 2015
210,,Mathias Bourgue,FRA,228,+1,-,-,-,-,,Thu Jun 11 00:00:09 2015
211,,Adam Pavlasek,CZE,226,+4,-,Lost in Prague R16,-,-,,Thu Jun 11 00:00:09 2015
212,,Pedro Cachin,ARG,226,-,-,-,-,-,,Thu Jun 11 00:00:09 2015
213,,Ti Chen,TPE,226,+1,Hong Kong QF,-,229,241,,Thu Jun 11 00:00:09 2015
214,,Darian King,BAR,223,+5,-,-,-,-,,Thu Jun 11 00:00:09 2015
215,,Enzo Couacaud,FRA,220,+2,-,-,-,-,,Thu Jun 11 00:00:09 2015
216,,Karen Khachanov,RUS,218,+15,Moscow R16,-,227,300,,Thu Jun 11 00:00:09 2015
217,,Aldin Setkic,BIH,217,-4,-,Lost in Prague R32,-,-,,Thu Jun 11 00:00:09 2015
218,,Rui Machado,POR,216,+3,-,Lost in Moscow R32,-,-,,Thu Jun 11 00:00:09 2015
219,,Matteo Donati,ITA,215,+3,-,-,-,-,,Thu Jun 11 00:00:09 2015
220,,Mirza Basic,BIH,215,+3,-,-,-,-,,Thu Jun 11 00:00:09 2015
221,,David Guez,FRA,215,+3,-,-,-,-,,Thu Jun 11 00:00:09 2015
222,,Andrey Rublev,RUS,214,+13,Moscow R16,-,223,296,,Thu Jun 11 00:00:09 2015
223,,Daniel Nguyen,USA,214,+4,-,-,-,-,,Thu Jun 11 00:00:09 2015
224,,Pere Riba,ESP,212,+1,-,Lost in Prague R16,-,-,,Thu Jun 11 00:00:09 2015
225,,Jan Mertl,CZE,212,+14,Prague R16,-,221,294,,Thu Jun 11 00:00:09 2015
226,,Uladzimir Ignatik,BLR,212,-22,-,-,-,-,,Thu Jun 11 00:00:09 2015
227,,Jesse Huta Galung,NED,211,+2,-,Lost in Caltanissetta R32,-,-,,Thu Jun 11 00:00:09 2015
228,,Jaroslav Pospisil,CZE,211,+2,-,-,-,-,,Thu Jun 11 00:00:09 2015
229,,Yannick Mertens,BEL,211,-3,-,Lost in Caltanissetta R32,-,-,,Thu Jun 11 00:00:09 2015
230,,Jordi Samper Montana,ESP,209,-2,Jounieh 2 QF,-,214,233,,Thu Jun 11 00:00:09 2015
231,,Filippo Volandri,ITA,208,-11,-,-,-,-,,Thu Jun 11 00:00:09 2015
232,,Tristan Lamasine,FRA,207,+16,-,Lost in Prague R16,-,-,,Thu Jun 11 00:00:09 2015
233,,Maxime Hamou,FRA,207,-1,-,Lost in Caltanissetta R32,-,-,,Thu Jun 11 00:00:09 2015
234,,Liang Chi Huang,TPE,207,+40,-,Wuhan 3 W,-,-,,Thu Jun 11 00:00:09 2015
235,,Edward Corrie,GBR,206,+1,-,Lost in Surbiton R32,-,-,,Thu Jun 11 00:00:09 2015
236,,Antonio Veic,CRO,205,+19,-,Lost in Moscow R16,-,-,,Thu Jun 11 00:00:09 2015
237,,Roberto Marcora,ITA,205,-19,-,Lost in Caltanissetta R32,-,-,,Thu Jun 11 00:00:09 2015
238,,Fabiano De Paula,BRA,204,+13,-,Lost in Moscow R16,-,-,,Thu Jun 11 00:00:09 2015
239,,Bradley Klahn,USA,203,+2,-,-,-,-,,Thu Jun 11 00:00:09 2015
240,,Tomislav Brkic,BIH,202,+17,-,Lost in Moscow R16,-,-,,Thu Jun 11 00:00:09 2015
241,,Boy Westerhof,NED,202,+3,-,Lost in Qualification 's-Hertogenbosch R1,-,-,,Thu Jun 11 00:00:09 2015
242,,Dennis Novak,AUT,202,+3,-,Lost in Prague R32,-,-,,Thu Jun 11 00:00:09 2015
243,,Matteo Viola,ITA,202,-10,-,Lost in Moscow R32,-,-,,Thu Jun 11 00:00:09 2015
244,,Dzmitry Zhyrmont,BLR,200,+2,-,Lost in Qualification Stuttgart R2,-,-,,Thu Jun 11 00:00:09 2015
245,,Tsung Hua Yang,TPE,200,-11,-,Lost in Caltanissetta R32,-,-,,Thu Jun 11 00:00:09 2015
246,,Potito Starace,ITA,199,-30,-,-,-,-,,Thu Jun 11 00:00:09 2015
247,,Juan Carlos Saez,CHI,199,+2,-,Lost in Prague R32,-,-,,Thu Jun 11 00:00:09 2015
248,,Jules Marie,FRA,199,+2,-,Lost in Moscow R32,-,-,,Thu Jun 11 00:00:09 2015
249,,Nils Langer,GER,198,-6,Sarajevo R16,-,200,224,,Thu Jun 11 00:00:09 2015
250,,Jordan Thompson,AUS,198,+4,-,Lost in Qualification 's-Hertogenbosch R1,-,-,,Thu Jun 11 00:00:09 2015
251,,Andrej Martin,SVK,197,-9,-,Lost in Prague R32,-,-,,Thu Jun 11 00:00:09 2015
252,,Frederik Nielsen,DEN,197,+7,-,Lost in Surbiton R16,-,-,,Thu Jun 11 00:00:09 2015
253,,Mohamed Safwat,EGY,197,-13,Sharm El Sheikh 19 R16,-,197,212,,Thu Jun 11 00:00:09 2015
254,,Riccardo Bellotti,ITA,197,+2,-,-,-,-,,Thu Jun 11 00:00:09 2015
255,,Pedja Krstin,SRB,196,+33,Jounieh 2 QF,Jounieh W,201,220,,Thu Jun 11 00:00:09 2015
256,,Federico Gaio,ITA,196,+10,Caltanissetta R16,-,211,311,,Thu Jun 11 00:00:09 2015
257,,Oriol Roca Batalla,ESP,190,+3,Stara Zagora R16,-,190,204,,Thu Jun 11 00:00:09 2015
258,,Peter Torebko,GER,189,+3,-,-,-,-,,Thu Jun 11 00:00:09 2015
259,,Benjamin Mitchell,AUS,188,+3,-,-,-,-,,Thu Jun 11 00:00:09 2015
260,,Di Wu,CHN,188,+21,-,Lost in Wuhan 3 F,-,-,,Thu Jun 11 00:00:09 2015
261,,Alex Bolt,AUS,187,+2,-,Lost in Surbiton R32,-,-,,Thu Jun 11 00:00:09 2015
262,,Lamine Ouahab,MAR,187,+2,-,-,-,-,,Thu Jun 11 00:00:09 2015
263,,Grzegorz Panfil,POL,187,-25,-,-,-,-,,Thu Jun 11 00:00:09 2015
264,,Marco Trungelliti,ARG,186,+4,-,-,-,-,,Thu Jun 11 00:00:09 2015
265,,Denys Molchanov,UKR,185,+7,Namangan QF,Andijan W,190,209,,Thu Jun 11 00:00:09 2015
266,,Michael Russell,USA,184,+5,-,-,-,-,,Thu Jun 11 00:00:09 2015
267,,Remi Boutillier,FRA,184,+2,-,Lost in Qualification Stuttgart R2,-,-,,Thu Jun 11 00:00:09 2015
268,,Yannick Jankovits,FRA,183,-16,Bursa 2 QF,-,187,199,,Thu Jun 11 00:00:09 2015
269,,Gianluca Naso,ITA,182,+6,Bergamo 2 QF,-,186,198,,Thu Jun 11 00:00:09 2015
270,,Henrique Cunha,BRA,181,-17,-,Lost in Qualification 's-Hertogenbosch R2,-,-,,Thu Jun 11 00:00:09 2015
271,,Alex Kuznetsov,USA,180,+5,-,Lost in Qualification 's-Hertogenbosch R1,-,-,,Thu Jun 11 00:00:09 2015
272,,Frederico Ferreira Silva,POR,178,+5,Maputo 2 R16,Lost in Maputo QF,178,194,,Thu Jun 11 00:00:09 2015
273,,Christian Garin,CHI,177,-15,-,Lost in Caltanissetta R32,-,-,,Thu Jun 11 00:00:09 2015
274,,Enrique Lopez Perez,ESP,177,-7,-,-,-,-,,Thu Jun 11 00:00:09 2015
275,,Hugo Dellien,BOL,176,+3,-,Lost in Prague R32,-,-,,Thu Jun 11 00:00:09 2015
276,,Franko Skugor,CRO,175,+3,Sarajevo R16,-,177,201,,Thu Jun 11 00:00:09 2015
277,,Yasutaka Uchiyama,JPN,173,+5,-,-,-,-,,Thu Jun 11 00:00:09 2015
278,,Egor Gerasimov,BLR,170,-31,-,-,-,-,,Thu Jun 11 00:00:09 2015
279,,Jonathan Eysseric,FRA,170,-9,-,Lost in Moscow R32,-,-,,Thu Jun 11 00:00:09 2015
280,,Gonzalo Escobar,ECU,170,+4,-,-,-,-,,Thu Jun 11 00:00:09 2015
281,,Alexis Musialek,FRA,170,+4,-,-,-,-,,Thu Jun 11 00:00:09 2015
282,,Nicolas Barrientos,COL,168,-9,-,Lost in Caltanissetta R32,-,-,,Thu Jun 11 00:00:09 2015
283,,Arthur De Greef,BEL,168,+3,-,-,-,-,,Thu Jun 11 00:00:09 2015
284,,Henri Laaksonen,SUI,167,-4,-,-,-,-,,Thu Jun 11 00:00:09 2015
285,,Laurent Lokoli,FRA,166,-2,-,-,-,-,,Thu Jun 11 00:00:09 2015
286,,Frances Tiafoe,USA,166,+1,-,-,-,-,,Thu Jun 11 00:00:09 2015
287,,Marco Chiudinelli,SUI,165,+52,'s-Hertogenbosch R16,Qualification 's-Hertogenbosch W,190,395,,Thu Jun 11 00:00:09 2015
288,,Andres Molteni,ARG,165,+1,-,Lost in Bergamo 2 R16,-,-,,Thu Jun 11 00:00:09 2015
289,,Yann Marti,SUI,162,+23,-,Lost in Lodi F,-,-,,Thu Jun 11 00:00:09 2015
290,,Mate Delic,CRO,162,-25,-,Lost in Caltanissetta R32,-,-,,Thu Jun 11 00:00:09 2015
291,,Daniel Cox,GBR,161,+1,-,Lost in Surbiton R32,-,-,,Thu Jun 11 00:00:09 2015
292,,Jan Satral,CZE,161,+8,-,Lost in Prague R16,-,-,,Thu Jun 11 00:00:09 2015
293,,Dusan Lojda,CZE,160,-3,-,Lost in Maribor QF,-,-,,Thu Jun 11 00:00:09 2015
294,,Kamil Majchrzak,POL,159,-,-,Lost in Prague R32,-,-,,Thu Jun 11 00:00:09 2015
295,,Matija Pecotic,CRO,159,+48,-,Winston-Salem WLost in Charlottesville R32,-,-,,Thu Jun 11 00:00:09 2015
296,,Quentin Halys,FRA,159,-1,-,Lost in Caltanissetta R32,-,-,,Thu Jun 11 00:00:09 2015
297,,Gianni Mina,FRA,159,-60,-,Lost in Bergamo 2 R32,-,-,,Thu Jun 11 00:00:09 2015
298,,Miljan Zekic,SRB,159,-1,-,Lost in Moscow R32Lost in Bol 5 SF,-,-,,Thu Jun 11 00:00:09 2015
299,,Gregoire Barrere,FRA,158,-1,Belgrade R16,Lost in Lodi SF,158,173,,Thu Jun 11 00:00:09 2015
300,,Erik Crepaldi,ITA,157,-7,-,-,-,-,,Thu Jun 11 00:00:09 2015
301,,Joshua Milton,GBR,156,+18,Surbiton QF,-,170,221,,Thu Jun 11 00:00:09 2015
302,,Juan Ignacio Londero,ARG,154,-3,-,Lost in Caltanissetta R32,-,-,,Thu Jun 11 00:00:09 2015
303,,Dimitar Kuzmanov,BUL,152,+1,Stara Zagora R16,-,153,169,,Thu Jun 11 00:00:09 2015
304,,Jaime Pulgar Garcia,ESP,152,+7,-,Lost in Sharm El Sheikh 18 FLost in Sharm El Sheikh 19 R32,-,-,,Thu Jun 11 00:00:09 2015
305,,Duckhee Lee,KOR,150,-,Kashiwa R16,-,151,167,,Thu Jun 11 00:00:09 2015
306,,Marcelo Arevalo,ESA,150,-,-,-,-,-,,Thu Jun 11 00:00:09 2015
307,,Mitchell Krueger,USA,150,-4,-,-,-,-,,Thu Jun 11 00:00:09 2015
308,,Grega Zemlja,SLO,149,-,-,Lost in Qualification Stuttgart R2,-,-,,Thu Jun 11 00:00:09 2015
309,,Yaraslav Shyla,BLR,149,-,-,Lost in Moscow R32,-,-,,Thu Jun 11 00:00:09 2015
310,,Constant Lestienne,FRA,149,-,-,-,-,-,,Thu Jun 11 00:00:09 2015
311,,Antal Van Der Duim,NED,149,-9,-,-,-,-,,Thu Jun 11 00:00:09 2015
312,,Takuto Niki,JPN,148,-21,Kashiwa R16,-,148,163,,Thu Jun 11 00:00:09 2015
313,,Adrien Bossel,SUI,147,-,-,Lost in Qualification Stuttgart R1,-,-,,Thu Jun 11 00:00:09 2015
314,,Julien Cagnina,BEL,147,-13,Binche R16,Lost in Lodi QF,148,164,,Thu Jun 11 00:00:09 2015
315,,Guillaume Rufin,FRA,145,-1,-,-,-,-,,Thu Jun 11 00:00:09 2015
316,,Eduardo Struvay,COL,145,-,-,-,-,-,,Thu Jun 11 00:00:09 2015
317,,Jose Pereira,BRA,145,-10,-,-,-,-,,Thu Jun 11 00:00:09 2015
318,,Dimitar Kutrovsky,BUL,145,-1,-,Lost in Surbiton R32,-,-,,Thu Jun 11 00:00:09 2015
319,,Tennys Sandgren,USA,144,+38,Charlottesville R16,Lost in Winston-Salem F,146,170,,Thu Jun 11 00:00:09 2015
320,,Ivo Klec,SVK,144,-2,Jounieh 2 QF,Lost in Lodi R16,149,168,,Thu Jun 11 00:00:09 2015
321,,Jorge Aguilar,CHI,143,-1,-,-,-,-,,Thu Jun 11 00:00:09 2015
322,,Adam El Mihdawy,USA,142,-,Manzanillo 2 R16,Lost in Manzanillo R16,143,159,,Thu Jun 11 00:00:09 2015
323,,Adrian Sikora,SVK,142,+15,Jounieh 2 R16,Lost in Jounieh F,144,168,,Thu Jun 11 00:00:09 2015
324,,Benjamin Balleret,MON,141,-1,-,-,-,-,,Thu Jun 11 00:00:09 2015
325,,Omar Jasika,AUS,140,-1,-,-,-,-,,Thu Jun 11 00:00:09 2015
326,,Fernando Romboli,BRA,140,+2,Itajai QF,-,144,156,,Thu Jun 11 00:00:09 2015
327,,Gavin Van Peperzeel,AUS,140,-2,Bol 6 QF,Lost in Bol 5 QF,144,156,,Thu Jun 11 00:00:09 2015
328,,Lukasz Kubot,POL,138,-1,-,-,-,-,,Thu Jun 11 00:00:09 2015
329,,Calvin Hemery,FRA,138,-,-,-,-,-,,Thu Jun 11 00:00:09 2015
330,,Nikola Milojevic,SRB,138,+16,Namangan QF,Lost in Andijan F,143,162,,Thu Jun 11 00:00:09 2015
331,,Marek Michalicka,CZE,138,-5,-,Lost in Prague R32,-,-,,Thu Jun 11 00:00:09 2015
332,,David Perez Sanz,ESP,138,-1,Sharm El Sheikh 19 R16,-,138,154,,Thu Jun 11 00:00:09 2015
333,,Stefano Travaglia,ITA,137,-1,-,Lost in Caltanissetta R32Lost in Lodi R32,-,-,,Thu Jun 11 00:00:09 2015
334,,Ante Pavic,CRO,134,-13,-,Lost in Qualification Stuttgart R1,-,-,,Thu Jun 11 00:00:09 2015
335,,Matthew Barton,AUS,134,+1,-,-,-,-,,Thu Jun 11 00:00:09 2015
336,,Filip Horansky,SVK,134,-3,-,-,-,-,,Thu Jun 11 00:00:09 2015
337,,Philip Bester,CAN,134,-,-,-,-,-,,Thu Jun 11 00:00:09 2015
338,,Dane Propoggia,AUS,133,+2,-,-,-,-,,Thu Jun 11 00:00:09 2015
339,,Alexandar Lazov,BUL,133,+2,Stara Zagora R16,-,134,150,,Thu Jun 11 00:00:09 2015
340,,Jose (Rubin) Statham,NZL,132,+2,-,-,-,-,,Thu Jun 11 00:00:09 2015
341,,Maximilian Marterer,GER,132,+3,-,Lost in Stuttgart R32,-,-,,Thu Jun 11 00:00:09 2015
342,,Michael Linzer,AUT,131,+45,Bol 6 QF,Bol 5 W,135,147,,Thu Jun 11 00:00:09 2015
343,,Zhe Li,CHN,130,-28,-,-,-,-,,Thu Jun 11 00:00:09 2015
344,,Tomas Lipovsek Puches,ARG,130,-10,-,-,-,-,,Thu Jun 11 00:00:09 2015
345,,Federico Coria,ARG,130,+5,-,-,-,-,,Thu Jun 11 00:00:09 2015
346,,Janez Semrajc,SLO,129,+5,-,-,-,-,,Thu Jun 11 00:00:09 2015
347,,Philipp Petzschner,GER,129,+5,-,Lost in Qualification Stuttgart R1,-,-,,Thu Jun 11 00:00:09 2015
348,,Martin Alund,ARG,129,+5,-,-,-,-,,Thu Jun 11 00:00:09 2015
349,,Emilio Gomez,ECU,129,+5,-,-,-,-,,Thu Jun 11 00:00:09 2015
350,,Cheong Eui Kim,KOR,129,-54,-,-,-,-,,Thu Jun 11 00:00:09 2015
351,,Eric Quigley,USA,129,+4,-,Lost in Winston-Salem R32Lost in Charlottesville R32,-,-,,Thu Jun 11 00:00:09 2015
352,,Stefano Napolitano,ITA,129,-4,-,-,-,-,,Thu Jun 11 00:00:09 2015
353,,Gerard Granollers,ESP,129,-18,-,-,-,-,,Thu Jun 11 00:00:09 2015
354,,Sanam Singh,IND,126,+6,Charlottesville R16,Lost in Winston-Salem R16,128,152,,Thu Jun 11 00:00:09 2015
355,,Victor Baluda,RUS,125,+19,Pantiani 5 QF,Lost in Pantiani 4 SF,129,141,,Thu Jun 11 00:00:09 2015
356,,Daniel Brands,GER,125,-7,-,Lost in Qualification Stuttgart R1,-,-,,Thu Jun 11 00:00:09 2015
357,,Stefan Kozlov,USA,125,+2,-,-,-,-,,Thu Jun 11 00:00:09 2015
358,,Laurynas Grigelis,LTU,124,+3,-,-,-,-,,Thu Jun 11 00:00:09 2015
359,,Johan Tatlot,FRA,124,+20,Bergamo 2 QF,Lost in Lodi SF,128,140,,Thu Jun 11 00:00:09 2015
360,,Maxim Dubarenco,BLR,124,+16,Moscow R16,-,133,206,,Thu Jun 11 00:00:09 2015
361,,Florent Serra,FRA,123,+1,-,-,-,-,,Thu Jun 11 00:00:09 2015
362,,Maxime Teixeira,FRA,123,+1,-,-,-,-,,Thu Jun 11 00:00:09 2015
363,,Nikola Mektic,CRO,123,+1,-,-,-,-,,Thu Jun 11 00:00:09 2015
364,,Toni Androic,CRO,123,+2,-,-,-,-,,Thu Jun 11 00:00:09 2015
365,,Roberto Ortega Olmedo,ESP,122,-35,-,Lost in Madrid 3 QF,-,-,,Thu Jun 11 00:00:09 2015
366,,Kevin King,USA,120,+9,-,Lost in Winston-Salem QF,-,-,,Thu Jun 11 00:00:09 2015
367,,Caio Zampieri,BRA,120,+5,Itajai QF,-,124,136,,Thu Jun 11 00:00:09 2015
368,,Javier Marti,ESP,118,+2,-,-,-,-,,Thu Jun 11 00:00:09 2015
369,,Agustin Velotti,ARG,118,+2,-,-,-,-,,Thu Jun 11 00:00:09 2015
370,,Omar Giacalone,ITA,118,+3,-,Lost in Lodi R32,-,-,,Thu Jun 11 00:00:09 2015
371,,Rhyne Williams,USA,116,-4,Charlottesville R16,Lost in Winston-Salem QF,118,142,,Thu Jun 11 00:00:09 2015
372,,Fabrice Martin,FRA,116,+5,-,-,-,-,,Thu Jun 11 00:00:09 2015
373,,Ivan Bjelica,SRB,116,+5,-,-,-,-,,Thu Jun 11 00:00:09 2015
374,,Anton Zaitcev,RUS,116,+6,-,-,-,-,,Thu Jun 11 00:00:09 2015
375,,Martin Fischer,AUT,115,-17,-,Lost in Qualification Stuttgart R2,-,-,,Thu Jun 11 00:00:09 2015
376,,Maxime Chazal,FRA,115,+45,-,Madrid 3 W,-,-,,Thu Jun 11 00:00:09 2015
377,,Vladimir Ivanov,EST,115,+51,Kazan 2 QF,Kazan W,119,131,,Thu Jun 11 00:00:09 2015
378,,Sam Barry,IRL,115,+24,-,Lost in Jounieh SFLost in Binche R32,-,-,,Thu Jun 11 00:00:09 2015
379,,Louk Sorensen,IRL,114,+4,-,-,-,-,,Thu Jun 11 00:00:09 2015
380,,Daniil Medvedev,RUS,113,+28,-,Lost in Moscow R16,-,-,,Thu Jun 11 00:00:09 2015
381,,Tucker Vorster,RSA,113,-16,-,-,-,-,,Thu Jun 11 00:00:09 2015
382,,Micke Kontinen,FIN,112,+3,-,-,-,-,,Thu Jun 11 00:00:09 2015
383,,Marcus Willis,GBR,112,-14,-,-,-,-,,Thu Jun 11 00:00:09 2015
384,,Yan Bai,CHN,112,-37,-,Lost in Wuhan 3 SF,-,-,,Thu Jun 11 00:00:09 2015
385,,Salvatore Caruso,ITA,112,+1,-,Lost in Caltanissetta R32,-,-,,Thu Jun 11 00:00:09 2015
386,,Takanyi Garanganga,ZIM,111,+5,Bergamo 2 QF,Lost in Lodi QF,115,127,,Thu Jun 11 00:00:09 2015
387,,Andriej Kapas,POL,111,-19,-,-,-,-,,Thu Jun 11 00:00:09 2015
388,,Richard Becker,GER,111,-,-,-,-,-,,Thu Jun 11 00:00:09 2015
389,,Marc Giner,ESP,111,-33,-,-,-,-,,Thu Jun 11 00:00:09 2015
390,,Marko Tepavac,SRB,110,+7,Namangan QF,-,115,134,,Thu Jun 11 00:00:09 2015
391,,Hugo Nys,FRA,110,+41,-,Sharm El Sheikh 18 W,-,-,,Thu Jun 11 00:00:09 2015
392,,Kirill Dmitriev,RUS,110,+43,-,Maribor W,-,-,,Thu Jun 11 00:00:09 2015
393,,N Vijay Sundar Prashanth,IND,109,-1,-,-,-,-,,Thu Jun 11 00:00:09 2015
394,,Julien Obry,FRA,109,-1,-,-,-,-,,Thu Jun 11 00:00:09 2015
395,,Yannik Reuter,BEL,109,-1,-,-,-,-,,Thu Jun 11 00:00:09 2015
396,,Bastian Trinker,AUT,108,-,-,Lost in Bursa R32,-,-,,Thu Jun 11 00:00:09 2015
397,,Robby Ginepri,USA,107,+1,-,-,-,-,,Thu Jun 11 00:00:09 2015
398,,Roman Safiullin,RUS,107,-17,-,-,-,-,,Thu Jun 11 00:00:09 2015
399,,Ricardo Rodriguez Pace,VEN,107,+2,-,-,-,-,,Thu Jun 11 00:00:09 2015
400,,N.Sriram Balaji,IND,107,-,-,-,-,-,,Thu Jun 11 00:00:09 2015
401,,Ivan Endara,ECU,107,+4,-,Lost in Manzanillo QFLost in Manzanillo 2 R32,-,-,,Thu Jun 11 00:00:09 2015
402,,Gianluca Mager,ITA,107,+1,-,Lost in Bergamo 2 R16,-,-,,Thu Jun 11 00:00:09 2015
403,,Chuhan Wang,CHN,106,+12,Namangan QF,Lost in Wuhan 3 R16Lost in Andijan QF,111,130,,Thu Jun 11 00:00:09 2015
404,,Mate Pavic,CRO,106,-,-,Qualification Stuttgart WLost in Stuttgart R32,-,-,,Thu Jun 11 00:00:09 2015
405,,Flavio Cipolla,ITA,105,+2,-,-,-,-,,Thu Jun 11 00:00:09 2015
406,,Sebastien Boltz,FRA,105,+41,Tel-Aviv-Ramat Gan 2 R16,Idanha-A-Nova 2 W,106,122,,Thu Jun 11 00:00:09 2015
407,,Duilio Beretta,PER,105,-23,-,Lost in Caltanissetta R16,-,-,,Thu Jun 11 00:00:09 2015
408,,Peter Polansky,CAN,104,+1,-,-,-,-,,Thu Jun 11 00:00:09 2015
409,,Nikola Cacic,SRB,104,+1,-,-,-,-,,Thu Jun 11 00:00:09 2015
410,,Kento Takeuchi,JPN,104,+4,Kashiwa R16,-,105,121,,Thu Jun 11 00:00:09 2015
411,,Alexandre Folie,BEL,103,+13,Binche R16,Lost in Idanha-A-Nova 2 SF,104,120,,Thu Jun 11 00:00:09 2015
412,,Hiroyasu Ehara,JPN,103,+1,-,-,-,-,,Thu Jun 11 00:00:09 2015
413,,Mischa Zverev,GER,102,+89,Stuttgart R16,Qualification Stuttgart W,127,332,,Thu Jun 11 00:00:09 2015
414,,Danai Udomchoke,THA,102,-3,-,-,-,-,,Thu Jun 11 00:00:09 2015
415,,Thiago Monteiro,BRA,102,+1,-,Lost in Moscow R32,-,-,,Thu Jun 11 00:00:09 2015
416,,Ilija Bozoljac,SRB,100,+2,-,Lost in Qualification Stuttgart R2,-,-,,Thu Jun 11 00:00:09 2015
417,,Alexander Ward,GBR,100,+2,-,Lost in Maribor R32,-,-,,Thu Jun 11 00:00:09 2015
418,,Daniel Masur,GER,99,+4,-,-,-,-,,Thu Jun 11 00:00:09 2015
419,,Philipp Davydenko,RUS,98,-20,-,Lost in Moscow R32Lost in Kazan SF,-,-,,Thu Jun 11 00:00:09 2015
420,,Martin Vaisse,FRA,98,-25,-,-,-,-,,Thu Jun 11 00:00:09 2015
421,,David Rice,GBR,98,+2,-,Lost in Surbiton R16,-,-,,Thu Jun 11 00:00:09 2015
422,,Gianluigi Quinzi,ITA,97,+27,-,Lost in Caltanissetta R16,-,-,,Thu Jun 11 00:00:09 2015
423,,Alessandro Bega,ITA,97,+55,Bursa 2 QF,Bursa W,101,113,,Thu Jun 11 00:00:09 2015
424,,Mateo Nicolas Martinez,ARG,97,+3,-,Lost in Lodi R16,-,-,,Thu Jun 11 00:00:09 2015
425,,Alessandro Giannessi,ITA,96,+78,Bergamo 2 QF,Lodi W,100,112,,Thu Jun 11 00:00:09 2015
426,,Ruan Roelofse,RSA,96,+4,Namangan QF,-,101,120,,Thu Jun 11 00:00:09 2015
427,,Walter Trusendi,ITA,94,+4,-,-,-,-,,Thu Jun 11 00:00:09 2015
428,,Christopher Diaz Figueroa,GUA,94,+5,Manzanillo 2 R16,-,95,111,,Thu Jun 11 00:00:09 2015
429,,Miki Jankovic,SRB,94,-40,Sarajevo R16,-,96,120,,Thu Jun 11 00:00:09 2015
430,,Ilya Ivashka,BLR,93,+4,-,-,-,-,,Thu Jun 11 00:00:09 2015
431,,Vladyslav Manafov,UKR,93,+7,Kazan 2 QF,-,97,109,,Thu Jun 11 00:00:09 2015
432,,Maverick Banes,AUS,93,+30,-,Lost in Bol 5 FLost in Bol 6 R16,-,-,,Thu Jun 11 00:00:09 2015
433,,Jeevan Nedunchezhiyan,IND,93,-13,-,-,-,-,,Thu Jun 11 00:00:09 2015
434,,Joris De Loore,BEL,92,-44,-,-,-,-,,Thu Jun 11 00:00:09 2015
435,,Axel Michon,FRA,91,+2,-,-,-,-,,Thu Jun 11 00:00:09 2015
436,,Cristobal Saavedra Corvalan,CHI,91,-10,-,Lost in Bergamo 2 R32,-,-,,Thu Jun 11 00:00:09 2015
437,,Matteo Trevisan,ITA,90,-55,Bergamo 2 QF,-,94,106,,Thu Jun 11 00:00:09 2015
438,,Denis Matsukevich,RUS,90,+2,-,-,-,-,,Thu Jun 11 00:00:09 2015
439,,Florian Fallert,GER,90,-3,-,Lost in Binche R32,-,-,,Thu Jun 11 00:00:09 2015
440,,Guillermo Rivera Aranguiz,CHI,90,+1,-,-,-,-,,Thu Jun 11 00:00:09 2015
441,,Cem Ilkel,TUR,90,+7,Bursa 2 QF,Lost in Bursa QF,94,106,,Thu Jun 11 00:00:09 2015
442,,Nicolas Meister,USA,89,-17,-,-,-,-,,Thu Jun 11 00:00:09 2015
443,,Lorenzo Giustino,ITA,89,-31,-,-,-,-,,Thu Jun 11 00:00:09 2015
444,,Peter Heller,GER,89,+9,Ljubljana R16,Lost in Maribor R16,90,106,,Thu Jun 11 00:00:09 2015
445,,Victor Crivoi,ROU,88,-1,-,-,-,-,,Thu Jun 11 00:00:09 2015
446,,Marcos Giron,USA,88,-,-,-,-,-,,Thu Jun 11 00:00:09 2015
447,,Tom Kocevar Desman,SLO,88,+9,Ljubljana R16,Lost in Kiseljak QF,89,105,,Thu Jun 11 00:00:09 2015
448,,Ricardo Ojeda Lara,ESP,88,+6,-,Lost in Idanha-A-Nova 2 QF,-,-,,Thu Jun 11 00:00:09 2015
449,,Tommy Paul,USA,87,+3,-,-,-,-,,Thu Jun 11 00:00:09 2015
450,,Matt Reid,AUS,87,+1,-,Lost in Qualification 's-Hertogenbosch R2,-,-,,Thu Jun 11 00:00:09 2015
451,,Gonzalo Lama,CHI,87,-106,-,Lost in Caltanissetta R32,-,-,,Thu Jun 11 00:00:09 2015
452,,Yuya Kibi,JPN,87,-23,Kashiwa R16,-,88,104,,Thu Jun 11 00:00:09 2015
453,,Adrian Partl,SVK,86,+2,Belgrade R16,-,87,103,,Thu Jun 11 00:00:09 2015
454,,Dmitry Popko,KAZ,86,+5,Belgrade R16,Lost in Maribor R32,87,103,,Thu Jun 11 00:00:09 2015
455,,Ivan Gakhov,RUS,86,+3,-,Lost in Moscow R32,-,-,,Thu Jun 11 00:00:09 2015
456,,Daniel Garza,MEX,85,+7,Manzanillo 2 R16,Lost in Manzanillo QF,86,102,,Thu Jun 11 00:00:09 2015
457,,Alexander Vasilenko,RUS,84,+3,-,Lost in Kazan R16Lost in Kazan 2 R32,-,-,,Thu Jun 11 00:00:09 2015
458,,Patrik Rosenholm,SWE,84,-41,-,Lost in Bol 5 R16,-,-,,Thu Jun 11 00:00:09 2015
459,,Dragos Dima,ROU,84,+2,-,-,-,-,,Thu Jun 11 00:00:09 2015
460,,Fritz Wolmarans,RSA,83,-18,-,-,-,-,,Thu Jun 11 00:00:09 2015
461,,Wilson Leite,BRA,83,+6,-,-,-,-,,Thu Jun 11 00:00:09 2015
462,,Vaclav Safranek,CZE,82,+2,-,-,-,-,,Thu Jun 11 00:00:09 2015
463,,Stephane Robert,FRA,81,+6,-,-,-,-,,Thu Jun 11 00:00:09 2015
464,,Jan Hajek,CZE,81,+6,-,-,-,-,,Thu Jun 11 00:00:09 2015
465,,Gleb Sakharov,FRA,81,-26,-,-,-,-,,Thu Jun 11 00:00:09 2015
466,,Filip Peliwo,CAN,81,+5,-,-,-,-,,Thu Jun 11 00:00:09 2015
467,,Jean Yves Aubone,USA,81,+5,-,Lost in Manzanillo 2 R32,-,-,,Thu Jun 11 00:00:09 2015
468,,Danilo Petrovic,SRB,81,+9,-,Lost in Kiseljak QFLost in Sarajevo R32,-,-,,Thu Jun 11 00:00:09 2015
469,,Viktor Durasovic,NOR,80,+5,-,-,-,-,,Thu Jun 11 00:00:09 2015
470,,Mikhail Elgin,RUS,79,+27,Moscow R16,-,88,161,,Thu Jun 11 00:00:09 2015
471,,Ji Sung Nam,KOR,79,-21,-,-,-,-,,Thu Jun 11 00:00:09 2015
472,,Laurent Rochette,FRA,79,+4,-,-,-,-,,Thu Jun 11 00:00:09 2015
473,,Peter Kobelt,USA,79,-7,-,Lost in Tel-Aviv-Ramat Gan QF,-,-,,Thu Jun 11 00:00:09 2015
474,,Mikhail Ledovskikh,RUS,78,-31,-,-,-,-,,Thu Jun 11 00:00:09 2015
475,,Boris Pashanski,SRB,78,+4,-,-,-,-,,Thu Jun 11 00:00:09 2015
476,,Patricio Heras,ARG,78,+4,-,Lost in Moscow R32,-,-,,Thu Jun 11 00:00:09 2015
477,,Janko Tipsarevic,SRB,76,+5,-,-,-,-,,Thu Jun 11 00:00:09 2015
478,,Artem Smirnov,UKR,76,-10,-,-,-,-,,Thu Jun 11 00:00:09 2015
479,,Karunuday Singh,IND,76,+4,-,-,-,-,,Thu Jun 11 00:00:09 2015
480,,Mauricio Echazu,PER,76,+4,-,-,-,-,,Thu Jun 11 00:00:09 2015
481,,Toshihide Matsui,JPN,75,-6,Kashiwa R16,-,76,92,,Thu Jun 11 00:00:09 2015
482,,Juan Ignacio Galarza,ARG,75,+5,-,-,-,-,,Thu Jun 11 00:00:09 2015
483,,Nicolaas Scholtz,RSA,74,-38,Maputo 2 QF,Lost in Maputo QF,78,90,,Thu Jun 11 00:00:09 2015
484,,Tiago Lopes,BRA,74,+11,Itajai QF,-,78,90,,Thu Jun 11 00:00:09 2015
485,,Evgeny Tyurnev,RUS,74,+1,-,Lost in Moscow R32,-,-,,Thu Jun 11 00:00:09 2015
486,,Albert Alcaraz Ivorra,ESP,74,+40,Stara Zagora R16,Lost in Madrid 3 F,75,91,,Thu Jun 11 00:00:09 2015
487,,Bastian Malla,CHI,74,+1,-,Lost in Manzanillo R32,-,-,,Thu Jun 11 00:00:09 2015
488,,Florian Mayer,GER,73,+1,-,-,-,-,,Thu Jun 11 00:00:09 2015
489,,Mario Vilella Martinez,ESP,73,+1,-,-,-,-,,Thu Jun 11 00:00:09 2015
490,,Kevin Krawietz,GER,73,+1,Sarajevo R16,-,75,99,,Thu Jun 11 00:00:09 2015
491,,Riccardo Sinicropi,ITA,73,-10,-,Lost in Lodi R16Lost in Bergamo 2 R32,-,-,,Thu Jun 11 00:00:09 2015
492,,Vasile Antonescu,ROU,73,-,-,-,-,-,,Thu Jun 11 00:00:09 2015
493,,Daniele Giorgini,ITA,72,+17,-,Lost in Lodi QF,-,-,,Thu Jun 11 00:00:09 2015
494,,Miloslav Mecir,SVK,72,-88,-,-,-,-,,Thu Jun 11 00:00:09 2015
495,,Yannick Maden,GER,72,+1,-,-,-,-,,Thu Jun 11 00:00:09 2015
496,,Thales Turini,BRA,72,-39,-,Lost in Itajai R16,-,-,,Thu Jun 11 00:00:09 2015
497,,Andrew Harris,AUS,71,+1,-,-,-,-,,Thu Jun 11 00:00:09 2015
498,,Rogerio Dutra Silva,BRA,71,+35,-,Lost in Prague R16,-,-,,Thu Jun 11 00:00:09 2015
499,,Michal Schmid,CZE,71,-5,Stara Zagora R16,Lost in Lodi R32,72,88,,Thu Jun 11 00:00:09 2015
500,,Maximilian Neuchrist,AUT,71,+6,Ljubljana R16,Lost in Maribor R32,72,88,,Thu Jun 11 00:00:09 2015
