Pos.,,Name,Ctry,Pts,Moved,Current Tournament,Previous Tournamtents,Next Pts,Max Pts,,Time
1,,Novak Djokovic,SRB,12735,-,Roland Garros R32,-,12825,14645,,Fri May 29 22:44:13 2015
2,,Roger Federer,SUI,9235,-,Roland Garros R16,-,9415,11055,,Fri May 29 22:44:13 2015
3,,Andy Murray,GBR,6410,-,Roland Garros R32,-,6500,8320,,Fri May 29 22:44:13 2015
4,,Kei Nishikori,JPN,5390,1,Roland Garros R16,-,5570,7210,,Fri May 29 22:44:13 2015
5,,Tomas Berdych,CZE,5050,-1,Roland Garros R16,-,5230,6870,,Fri May 29 22:44:13 2015
6,,Milos Raonic,CAN,4440,-,-,-,-,-,,Fri May 29 22:44:13 2015
7,,David Ferrer,ESP,4220,1,Roland Garros R32,-,4310,6130,,Fri May 29 22:44:13 2015
8,,Stan Wawrinka,SUI,4015,1,Roland Garros R16,-,4195,5835,,Fri May 29 22:44:13 2015
9,,Marin Cilic,CRO,3370,1,Roland Garros R32,-,3460,5280,,Fri May 29 22:44:13 2015
10,,Grigor Dimitrov,BUL,2760,1,-,Lost in Roland Garros R128,-,-,,Fri May 29 22:44:13 2015
11,,Rafael Nadal,ESP,2660,-4,Roland Garros R32,-,2750,4570,,Fri May 29 22:44:13 2015
12,,Gilles Simon,FRA,2300,1,Roland Garros R16,-,2480,4120,,Fri May 29 22:44:13 2015
13,,Feliciano Lopez,ESP,2245,-1,-,Lost in Roland Garros R128,-,-,,Fri May 29 22:44:13 2015
14,,Jo Wilfried Tsonga,FRA,2045,1,Roland Garros R16,-,2225,3865,,Fri May 29 22:44:13 2015
15,,David Goffin,BEL,1915,3,Roland Garros R32,-,2005,3825,,Fri May 29 22:44:13 2015
16,,Gael Monfils,FRA,1885,-2,Roland Garros R16,-,2065,3705,,Fri May 29 22:44:13 2015
17,,Kevin Anderson,RSA,1880,-,Roland Garros R32,-,1970,3790,,Fri May 29 22:44:13 2015
18,,John Isner,USA,1845,-2,-,Lost in Roland Garros R64,-,-,,Fri May 29 22:44:13 2015
19,,Tommy Robredo,ESP,1710,-,-,Lost in Roland Garros R64,-,-,,Fri May 29 22:44:13 2015
20,,Roberto Bautista Agut,ESP,1705,-,-,Lost in Roland Garros R64,-,-,,Fri May 29 22:44:13 2015
21,,Richard Gasquet,FRA,1625,-,Roland Garros R32,-,1715,3535,,Fri May 29 22:44:13 2015
22,,Leonardo Mayer,ARG,1580,-,Roland Garros R32,-,1670,3490,,Fri May 29 22:44:13 2015
23,,Pablo Cuevas,URU,1502,-,-,Lost in Roland Garros R32,-,-,,Fri May 29 22:44:13 2015
24,,Bernard Tomic,AUS,1355,2,-,Lost in Roland Garros R64,-,-,,Fri May 29 22:44:13 2015
25,,Nick Kyrgios,AUS,1340,5,Roland Garros R32,-,1430,3250,,Fri May 29 22:44:13 2015
26,,Fabio Fognini,ITA,1250,1,-,Lost in Roland Garros R64,-,-,,Fri May 29 22:44:13 2015
27,,Ivo Karlovic,CRO,1250,-2,-,Lost in Roland Garros R128,-,-,,Fri May 29 22:44:13 2015
28,,Viktor Troicki,SRB,1242,5,-,Lost in Roland Garros R64,-,-,,Fri May 29 22:44:13 2015
29,,Philipp Kohlschreiber,GER,1240,-1,-,Lost in Roland Garros R64,-,-,,Fri May 29 22:44:13 2015
30,,Dominic Thiem,AUT,1225,1,-,Lost in Roland Garros R64,-,-,,Fri May 29 22:44:13 2015
31,,Adrian Mannarino,FRA,1188,1,-,Lost in Roland Garros R128,-,-,,Fri May 29 22:44:13 2015
32,,Juan Monaco,ARG,1170,3,-,Lost in Roland Garros R64,-,-,,Fri May 29 22:44:13 2015
33,,Guillermo Garcia Lopez,ESP,1165,-9,-,Lost in Roland Garros R128,-,-,,Fri May 29 22:44:13 2015
34,,Pablo Andujar,ESP,1130,8,-,Lost in Roland Garros R32,-,-,,Fri May 29 22:44:13 2015
35,,Jack Sock,USA,1125,2,Roland Garros R32,-,1215,3035,,Fri May 29 22:44:13 2015
36,,Martin Klizan,SVK,1125,-,-,Lost in Roland Garros R64,-,-,,Fri May 29 22:44:13 2015
37,,Lukas Rosol,CZE,1115,6,-,Lost in Roland Garros R32,-,-,,Fri May 29 22:44:13 2015
38,,Sam Querrey,USA,1080,-,-,Lost in Roland Garros R128,-,-,,Fri May 29 22:44:13 2015
39,,Thomaz Bellucci,BRA,1065,1,-,Lost in Roland Garros R64,-,-,,Fri May 29 22:44:13 2015
40,,Borna Coric,CRO,1050,6,Roland Garros R32,-,1140,2960,,Fri May 29 22:44:13 2015
41,,Fernando Verdasco,ESP,1045,-7,-,Lost in Roland Garros R64,-,-,,Fri May 29 22:44:13 2015
42,,Benjamin Becker,GER,1045,6,-,Lost in Roland Garros R32,-,-,,Fri May 29 22:44:13 2015
43,,Joao Sousa,POR,1043,1,-,Lost in Roland Garros R64,-,-,,Fri May 29 22:44:13 2015
44,,Jeremy Chardy,FRA,1030,1,Roland Garros R32,-,1120,2940,,Fri May 29 22:44:13 2015
45,,Andreas Seppi,ITA,1020,-6,-,Lost in Roland Garros R128,-,-,,Fri May 29 22:44:13 2015
46,,Julien Benneteau,FRA,955,1,-,-,-,-,,Fri May 29 22:44:13 2015
47,,Victor Estrella Burgos,DOM,945,2,-,Lost in Roland Garros R128,-,-,,Fri May 29 22:44:13 2015
48,,Sergiy Stakhovsky,UKR,929,6,-,Lost in Roland Garros R64,-,-,,Fri May 29 22:44:13 2015
49,,Jiri Vesely,CZE,903,-8,-,Lost in Roland Garros R128,-,-,,Fri May 29 22:44:13 2015
50,,Jerzy Janowicz,POL,895,-,-,Lost in Roland Garros R64,-,-,,Fri May 29 22:44:13 2015
51,,Steve Johnson,USA,895,5,-,Lost in Roland Garros R32,-,-,,Fri May 29 22:44:13 2015
52,,Vasek Pospisil,CAN,895,1,-,Lost in Roland Garros R128,-,-,,Fri May 29 22:44:13 2015
53,,Gilles Muller,LUX,880,2,-,Lost in Roland Garros R64,-,-,,Fri May 29 22:44:13 2015
54,,Pablo Carreno Busta,ESP,860,7,-,Lost in Roland Garros R64,-,-,,Fri May 29 22:44:13 2015
55,,Andreas Haider Maurer,AUT,857,-4,-,Lost in Roland Garros R128,-,-,,Fri May 29 22:44:13 2015
56,,Simone Bolelli,ITA,846,4,Roland Garros R32,-,936,2756,,Fri May 29 22:44:13 2015
57,,Donald Young,USA,830,-5,-,Lost in Roland Garros R128,-,-,,Fri May 29 22:44:13 2015
58,,Teymuraz Gabashvili,RUS,812,16,Roland Garros R16,-,992,2632,,Fri May 29 22:44:13 2015
59,,Mikhail Kukushkin,KAZ,802,-1,-,Lost in Roland Garros R128,-,-,,Fri May 29 22:44:13 2015
60,,Santiago Giraldo,COL,790,4,-,Lost in Roland Garros R64,-,-,,Fri May 29 22:44:13 2015
61,,Yen Hsun Lu,TPE,789,4,-,Lost in Roland Garros R64,-,-,,Fri May 29 22:44:13 2015
62,,Marcos Baghdatis,CYP,787,-3,-,Lost in Roland Garros R64,-,-,,Fri May 29 22:44:13 2015
63,,Albert Ramos Vinolas,ESP,780,-,-,Lost in Roland Garros R128,-,-,,Fri May 29 22:44:13 2015
64,,Daniel Gimeno Traver,ESP,763,2,-,Lost in Roland Garros R64,-,-,,Fri May 29 22:44:13 2015
65,,Diego Schwartzman,ARG,760,-3,-,Lost in Roland Garros R64,-,-,,Fri May 29 22:44:13 2015
66,,Benoit Paire,FRA,743,5,-,Lost in Roland Garros R32,-,-,,Fri May 29 22:44:13 2015
67,,Marcel Granollers,ESP,710,-10,-,Lost in Roland Garros R64,-,-,,Fri May 29 22:44:13 2015
68,,Thanasi Kokkinakis,AUS,693,16,Roland Garros R32,-,783,2603,,Fri May 29 22:44:13 2015
69,,Mikhail Youzhny,RUS,685,-1,-,Lost in Roland Garros R128,-,-,,Fri May 29 22:44:13 2015
70,,Sam Groth,AUS,685,2,-,Lost in Roland Garros R128,-,-,,Fri May 29 22:44:13 2015
71,,Tim Smyczek,USA,682,2,-,Lost in Roland Garros R128,-,-,,Fri May 29 22:44:13 2015
72,,Aljaz Bedene,GBR,678,3,-,Lost in Roland Garros R128,-,-,,Fri May 29 22:44:13 2015
73,,Hyeon Chung,KOR,676,-3,-,Lost in Qualification Roland Garros R1,-,-,,Fri May 29 22:44:13 2015
74,,Alexandr Dolgopolov,UKR,670,-5,-,Lost in Roland Garros R128,-,-,,Fri May 29 22:44:13 2015
75,,Steve Darcis,BEL,666,1,-,Lost in Roland Garros R128,-,-,,Fri May 29 22:44:13 2015
76,,Blaz Kavcic,SLO,651,3,-,Lost in Roland Garros R128,-,-,,Fri May 29 22:44:13 2015
77,,Joao Souza,BRA,650,1,-,Lost in Roland Garros R128,-,-,,Fri May 29 22:44:13 2015
78,,Marsel Ilhan,TUR,647,3,-,Lost in Roland Garros R128,-,-,,Fri May 29 22:44:13 2015
79,,Federico Delbonis,ARG,627,3,-,Lost in Roland Garros R128,-,-,,Fri May 29 22:44:13 2015
80,,Malek Jaziri,TUN,620,5,-,Lost in Roland Garros R128,-,-,,Fri May 29 22:44:13 2015
81,,Denis Istomin,UZB,620,-4,-,Lost in Roland Garros R128,-,-,,Fri May 29 22:44:13 2015
82,,Robin Haase,NED,611,-2,-,Lost in Roland Garros R128,-,-,,Fri May 29 22:44:13 2015
83,,Alexander Zverev,GER,609,6,-,Lost in Qualification Roland Garros R2,-,-,,Fri May 29 22:44:13 2015
84,,Dudi Sela,ISR,607,7,-,Lost in Roland Garros R64,-,-,,Fri May 29 22:44:13 2015
85,,James Duckworth,AUS,601,-2,-,Lost in Roland Garros R128,-,-,,Fri May 29 22:44:13 2015
86,,Ernests Gulbis,LAT,600,-57,-,Lost in Roland Garros R64,-,-,,Fri May 29 22:44:13 2015
87,,Dusan Lajovic,SRB,595,-20,-,Lost in Roland Garros R64,-,-,,Fri May 29 22:44:13 2015
88,,Damir Dzumhur,BIH,583,-,-,Lost in Roland Garros R32,-,-,,Fri May 29 22:44:13 2015
89,,Go Soeda,JPN,575,3,-,Lost in Roland Garros R128,-,-,,Fri May 29 22:44:13 2015
90,,Jarkko Nieminen,FIN,568,-3,-,Lost in Roland Garros R128,-,-,,Fri May 29 22:44:13 2015
91,,Lukas Lacko,SVK,567,3,-,Lost in Roland Garros R128,-,-,,Fri May 29 22:44:13 2015
92,,Ricardas Berankis,LTU,567,1,-,Lost in Roland Garros R128,-,-,,Fri May 29 22:44:13 2015
93,,Paolo Lorenzi,ITA,565,-7,-,Lost in Roland Garros R128,-,-,,Fri May 29 22:44:13 2015
94,,Lucas Pouille,FRA,562,-4,-,Lost in Roland Garros R128,-,-,,Fri May 29 22:44:13 2015
95,,Nicolas Mahut,FRA,549,21,-,Lost in Roland Garros R32,-,-,,Fri May 29 22:44:13 2015
96,,Ruben Bemelmans,BEL,541,-1,-,Lost in Roland Garros R128,-,-,,Fri May 29 22:44:13 2015
97,,Andrey Kuznetsov,RUS,539,23,Roland Garros R32,-,629,2449,,Fri May 29 22:44:13 2015
98,,Blaz Rola,SLO,528,-1,-,Lost in Qualification Roland Garros R2,-,-,,Fri May 29 22:44:13 2015
99,,Luca Vanni,ITA,513,3,-,Qualification Roland Garros WLost in Roland Garros R128,-,-,,Fri May 29 22:44:13 2015
100,,Kyle Edmund,GBR,511,21,-,Qualification Roland Garros WLost in Roland Garros R64,-,-,,Fri May 29 22:44:13 2015
101,,Kimmer Coppejans,BEL,508,6,-,Qualification Roland Garros WLost in Roland Garros R128,-,-,,Fri May 29 22:44:13 2015
102,,Dustin Brown,GER,507,-1,-,Lost in Qualification Roland Garros R1,-,-,,Fri May 29 22:44:13 2015
103,,Alejandro Falla,COL,501,6,-,Lost in Qualification Roland Garros R3Lost in Roland Garros R128,-,-,,Fri May 29 22:44:13 2015
104,,Jan Lennard Struff,GER,498,-6,-,Lost in Roland Garros R128,-,-,,Fri May 29 22:44:13 2015
105,,Tatsuma Ito,JPN,495,1,-,Lost in Roland Garros R128,-,-,,Fri May 29 22:44:13 2015
106,,Guido Pella,ARG,489,7,-,Lost in Qualification Roland Garros R2Lost in Vicenza QF,-,-,,Fri May 29 22:44:13 2015
107,,Jurgen Melzer,AUT,480,3,-,Lost in Roland Garros R64,-,-,,Fri May 29 22:44:13 2015
108,,Carlos Berlocq,ARG,480,3,-,Lost in Roland Garros R64,-,-,,Fri May 29 22:44:13 2015
109,,James Ward,GBR,478,-5,-,Lost in Qualification Roland Garros R2Lost in Vicenza R32,-,-,,Fri May 29 22:44:13 2015
110,,Adrian Menendez Maceiras,ESP,477,2,-,Lost in Qualification Roland Garros R3,-,-,,Fri May 29 22:44:13 2015
111,,Lleyton Hewitt,AUS,475,-3,-,-,-,-,,Fri May 29 22:44:13 2015
112,,Maximo Gonzalez,ARG,473,2,-,Lost in Roland Garros R128,-,-,,Fri May 29 22:44:13 2015
113,,Facundo Bagnis,ARG,472,-17,-,Lost in Qualification Roland Garros R2Lost in Vicenza QF,-,-,,Fri May 29 22:44:13 2015
114,,Austin Krajicek,USA,468,4,-,Lost in Qualification Roland Garros R1,-,-,,Fri May 29 22:44:13 2015
115,,Ivan Dodig,CRO,466,4,-,Lost in Roland Garros R128,-,-,,Fri May 29 22:44:13 2015
116,,Illya Marchenko,UKR,462,11,-,Qualification Roland Garros WLost in Roland Garros R128,-,-,,Fri May 29 22:44:13 2015
117,,Matthias Bachinger,GER,456,7,-,Qualification Roland Garros WLost in Roland Garros R128,-,-,,Fri May 29 22:44:13 2015
118,,Alejandro Gonzalez,COL,454,-13,-,Lost in Qualification Roland Garros R1,-,-,,Fri May 29 22:44:13 2015
119,,Filip Krajinovic,SRB,449,-20,-,Lost in Roland Garros R128,-,-,,Fri May 29 22:44:13 2015
120,,John Millman,AUS,444,12,Vicenza SF,Lost in Qualification Roland Garros R1,463,495,,Fri May 29 22:44:13 2015
121,,Thiemo de Bakker,NED,443,12,Vicenza SF,Lost in Qualification Roland Garros R2,462,494,,Fri May 29 22:44:13 2015
122,,Marinko Matosevic,AUS,436,-22,-,Lost in Roland Garros R128,-,-,,Fri May 29 22:44:13 2015
123,,Paul Henri Mathieu,FRA,429,2,-,Lost in Roland Garros R128,-,-,,Fri May 29 22:44:13 2015
124,,Farrukh Dustov,UZB,425,4,-,Lost in Qualification Roland Garros R1,-,-,,Fri May 29 22:44:13 2015
125,,Alexander Kudryavtsev,RUS,424,6,-,Lost in Qualification Roland Garros R2,-,-,,Fri May 29 22:44:13 2015
126,,Edouard Roger Vasselin,FRA,422,-3,-,Lost in Roland Garros R128,-,-,,Fri May 29 22:44:13 2015
127,,Aleksandr Nedovyesov,KAZ,421,-12,-,Lost in Qualification Roland Garros R1,-,-,,Fri May 29 22:44:13 2015
128,,Radu Albot,MDA,421,2,-,Lost in Qualification Roland Garros R2,-,-,,Fri May 29 22:44:13 2015
129,,Ryan Harrison,USA,413,-3,-,-,-,-,,Fri May 29 22:44:13 2015
130,,Marco Cecchinato,ITA,406,-8,-,Lost in Qualification Roland Garros R3,-,-,,Fri May 29 22:44:13 2015
131,,Andrey Golubev,KAZ,402,4,-,Lost in Qualification Roland Garros R3Lost in Roland Garros R128,-,-,,Fri May 29 22:44:13 2015
132,,Facundo Arguello,ARG,401,5,-,Lost in Qualification Roland Garros R3Lost in Roland Garros R128,-,-,,Fri May 29 22:44:13 2015
133,,Daniel Munoz De La Nava,ESP,398,1,-,Lost in Qualification Roland Garros R2,-,-,,Fri May 29 22:44:13 2015
134,,Norbert Gombos,SVK,395,-31,-,Lost in Qualification Roland Garros R2Lost in Vicenza R32,-,-,,Fri May 29 22:44:13 2015
135,,Denis Kudla,USA,386,1,-,Lost in Qualification Roland Garros R1,-,-,,Fri May 29 22:44:13 2015
136,,Michael Berrer,GER,380,9,-,Qualification Roland Garros WLost in Roland Garros R128,-,-,,Fri May 29 22:44:13 2015
137,,Michal Przysiezny,POL,380,1,-,Lost in Qualification Roland Garros R2,-,-,,Fri May 29 22:44:13 2015
138,,Pierre Hugues Herbert,FRA,379,5,-,Lost in Qualification Roland Garros R2,-,-,,Fri May 29 22:44:13 2015
139,,Bjorn Fratangelo,USA,379,10,Vicenza SF,Lost in Qualification Roland Garros R2,398,430,,Fri May 29 22:44:13 2015
140,,Andre Ghem,BRA,379,-,-,Lost in Qualification Roland Garros R3,-,-,,Fri May 29 22:44:13 2015
141,,Nicolas Almagro,ESP,370,13,-,Lost in Roland Garros R64,-,-,,Fri May 29 22:44:13 2015
142,,Horacio Zeballos,ARG,366,-,-,Lost in Qualification Roland Garros R1,-,-,,Fri May 29 22:44:13 2015
143,,Yoshihito Nishioka,JPN,363,3,-,Qualification Roland Garros WLost in Roland Garros R128,-,-,,Fri May 29 22:44:13 2015
144,,Peter Gojowczyk,GER,361,-,-,Lost in Qualification Roland Garros R1,-,-,,Fri May 29 22:44:13 2015
145,,Rajeev Ram,USA,360,2,-,-,-,-,,Fri May 29 22:44:13 2015
146,,Nikoloz Basilashvili,GEO,358,14,-,Qualification Roland Garros WLost in Roland Garros R128,-,-,,Fri May 29 22:44:13 2015
147,,Yuichi Sugita,JPN,356,1,-,Lost in Qualification Roland Garros R1,-,-,,Fri May 29 22:44:13 2015
148,,Konstantin Kravchuk,RUS,348,2,-,Lost in Qualification Roland Garros R1,-,-,,Fri May 29 22:44:13 2015
149,,Jared Donaldson,USA,346,4,-,Lost in Qualification Roland Garros R3,-,-,,Fri May 29 22:44:13 2015
150,,Tobias Kamke,GER,343,-33,-,-,-,-,,Fri May 29 22:44:13 2015
151,,Albert Montanes,ESP,340,4,-,Lost in Qualification Roland Garros R2Lost in Vicenza R16,-,-,,Fri May 29 22:44:13 2015
152,,Jurgen Zopp,EST,339,-11,-,Lost in Qualification Roland Garros R2,-,-,,Fri May 29 22:44:13 2015
153,,Jimmy Wang,TPE,338,-2,-,-,-,-,,Fri May 29 22:44:13 2015
154,,Taro Daniel,JPN,338,14,-,Qualification Roland Garros WLost in Roland Garros R128,-,-,,Fri May 29 22:44:13 2015
155,,Yuki Bhambri,IND,337,1,-,Lost in Qualification Roland Garros R2,-,-,,Fri May 29 22:44:13 2015
156,,Gastao Elias,POR,336,-4,-,Qualification Roland Garros WLost in Roland Garros R128,-,-,,Fri May 29 22:44:13 2015
157,,Kenny De Schepper,FRA,334,-18,-,Lost in Qualification Roland Garros R1,-,-,,Fri May 29 22:44:13 2015
158,,Radek Stepanek,CZE,332,-29,-,Lost in Roland Garros R64,-,-,,Fri May 29 22:44:13 2015
159,,Niels Desein,BEL,319,-1,-,Lost in Qualification Roland Garros R1,-,-,,Fri May 29 22:44:13 2015
160,,James McGee,IRL,313,-3,-,Lost in Qualification Roland Garros R1Lost in Vicenza R32,-,-,,Fri May 29 22:44:13 2015
161,,Jason Kubler,AUS,312,-,-,Lost in Qualification Roland Garros R1,-,-,,Fri May 29 22:44:13 2015
162,,Marton Fucsovics,HUN,312,5,-,Lost in Qualification Roland Garros R2,-,-,,Fri May 29 22:44:13 2015
163,,John Patrick Smith,AUS,310,-1,-,-,-,-,,Fri May 29 22:44:13 2015
164,,Frank Dancevic,CAN,307,-5,-,Lost in Qualification Roland Garros R1Lost in Vicenza R32,-,-,,Fri May 29 22:44:13 2015
165,,Guilherme Clezar,BRA,306,7,-,Lost in Qualification Roland Garros R3Lost in Vicenza R16,-,-,,Fri May 29 22:44:13 2015
166,,Renzo Olivo,ARG,305,4,-,Lost in Qualification Roland Garros R1Lost in Vicenza R16,-,-,,Fri May 29 22:44:13 2015
167,,Igor Sijsling,NED,303,-1,-,Qualification Roland Garros WLost in Roland Garros R128,-,-,,Fri May 29 22:44:13 2015
168,,Gerald Melzer,AUT,303,-5,-,Lost in Qualification Roland Garros R1,-,-,,Fri May 29 22:44:13 2015
169,,Somdev Devvarman,IND,296,-,-,Lost in Qualification Roland Garros R2,-,-,,Fri May 29 22:44:13 2015
170,,Hiroki Moriya,JPN,295,1,-,Lost in Qualification Roland Garros R1,-,-,,Fri May 29 22:44:13 2015
171,,Roberto Carballes Baena,ESP,291,7,-,Lost in Qualification Roland Garros R3,-,-,,Fri May 29 22:44:13 2015
172,,Evgeny Donskoy,RUS,289,5,-,Lost in Qualification Roland Garros R3,-,-,,Fri May 29 22:44:13 2015
173,,Inigo Cervantes,ESP,288,-9,Vicenza SF,-,307,339,,Fri May 29 22:44:13 2015
174,,Aslan Karatsev,RUS,286,-1,-,Lost in Qualification Roland Garros R1,-,-,,Fri May 29 22:44:13 2015
175,,Maxime Authom,BEL,285,-1,-,Lost in Qualification Roland Garros R2,-,-,,Fri May 29 22:44:13 2015
176,,Elias Ymer,SWE,283,-1,-,Qualification Roland Garros WLost in Roland Garros R128,-,-,,Fri May 29 22:44:13 2015
177,,Liam Broady,GBR,282,-1,-,Lost in Qualification Roland Garros R1,-,-,,Fri May 29 22:44:13 2015
178,,Guido Andreozzi,ARG,280,2,-,Lost in Qualification Roland Garros R1Lost in Vicenza QF,-,-,,Fri May 29 22:44:13 2015
179,,Andrea Arnaboldi,ITA,279,8,-,Qualification Roland Garros WLost in Roland Garros R64,-,-,,Fri May 29 22:44:13 2015
180,,Andreas Beck,GER,276,-15,-,Lost in Qualification Roland Garros R1,-,-,,Fri May 29 22:44:13 2015
181,,Nicolas Jarry,CHI,271,-,-,Lost in Qualification Roland Garros R1,-,-,,Fri May 29 22:44:13 2015
182,,Thomas Fabbiano,ITA,266,-3,-,Lost in Qualification Roland Garros R2Lost in Vicenza R32,-,-,,Fri May 29 22:44:13 2015
183,,Ze Zhang,CHN,263,-,-,-,-,-,,Fri May 29 22:44:13 2015
184,,Christian Lindell,SWE,260,30,-,Qualification Roland Garros WLost in Roland Garros R128,-,-,,Fri May 29 22:44:13 2015
185,,Jan Hernych,CZE,257,13,-,Lost in Qualification Roland Garros R3,-,-,,Fri May 29 22:44:13 2015
186,,Victor Hanescu,ROU,254,-,-,Lost in Qualification Roland Garros R2,-,-,,Fri May 29 22:44:13 2015
187,,Adrian Ungur,ROU,254,1,-,Lost in Qualification Roland Garros R1,-,-,,Fri May 29 22:44:13 2015
188,,Brydan Klein,GBR,251,8,-,Lost in Qualification Roland Garros R2,-,-,,Fri May 29 22:44:13 2015
189,,Ruben Ramirez Hidalgo,ESP,250,1,-,Lost in Qualification Roland Garros R1,-,-,,Fri May 29 22:44:13 2015
190,,Germain Gigounon,BEL,249,19,-,Qualification Roland Garros WLost in Roland Garros R128,-,-,,Fri May 29 22:44:13 2015
191,,Marius Copil,ROU,246,11,-,Lost in Qualification Roland Garros R3,-,-,,Fri May 29 22:44:13 2015
192,,Matthew Ebden,AUS,244,-1,-,-,-,-,,Fri May 29 22:44:13 2015
193,,Vincent Millot,FRA,243,12,-,Lost in Qualification Roland Garros R2,-,-,,Fri May 29 22:44:13 2015
194,,Tim Puetz,GER,241,5,-,Lost in Qualification Roland Garros R3,-,-,,Fri May 29 22:44:13 2015
195,,Chase Buchanan,USA,238,-13,-,Lost in Qualification Roland Garros R1Lost in Vicenza R32,-,-,,Fri May 29 22:44:13 2015
196,,Giovanni Lapentti,ECU,238,-3,-,-,-,-,,Fri May 29 22:44:13 2015
197,,Dennis Novikov,USA,237,-13,-,Lost in Qualification Roland Garros R1Lost in Vicenza R32,-,-,,Fri May 29 22:44:13 2015
198,,Saketh Myneni,IND,237,5,-,-,-,-,,Fri May 29 22:44:13 2015
199,,Jason Jung,USA,234,12,-,Lost in Qualification Roland Garros R2,-,-,,Fri May 29 22:44:13 2015
200,,Jarmere Jenkins,USA,233,6,-,Lost in Qualification Roland Garros R1,-,-,,Fri May 29 22:44:13 2015
201,,Hans Podlipnik Castillo,CHI,233,-,-,Lost in Qualification Roland Garros R1Lost in Bacau R16,-,-,,Fri May 29 22:44:13 2015
202,,Jose Hernandez Fernandez,DOM,230,-8,-,-,-,-,,Fri May 29 22:44:13 2015
203,,Mathias Bourgue,FRA,228,-3,-,Lost in Qualification Roland Garros R1,-,-,,Fri May 29 22:44:13 2015
204,,Aldin Setkic,BIH,226,8,-,Lost in Qualification Roland Garros R1,-,-,,Fri May 29 22:44:13 2015
205,,Nicolas Kicker,ARG,226,27,Villa Allende F,Lost in Villa del Dique QF,241,241,,Fri May 29 22:44:13 2015
206,,Ti Chen,TPE,226,7,-,-,-,-,,Fri May 29 22:44:13 2015
207,,Adam Pavlasek,CZE,225,-22,-,Lost in Vicenza R16,-,-,,Fri May 29 22:44:13 2015
208,,Pedro Cachin,ARG,223,18,-,Lost in Vicenza QF,-,-,,Fri May 29 22:44:13 2015
209,,Enzo Couacaud,FRA,223,7,-,Lost in Qualification Roland Garros R1,-,-,,Fri May 29 22:44:13 2015
210,,Darian King,BAR,223,42,-,Cordoba 2 W,-,-,,Fri May 29 22:44:13 2015
211,,Roberto Marcora,ITA,223,-16,-,Lost in Qualification Roland Garros R1Lost in Vicenza R32,-,-,,Fri May 29 22:44:13 2015
212,,Luke Saville,AUS,222,8,-,Lost in Qualification Roland Garros R2,-,-,,Fri May 29 22:44:13 2015
213,,Filippo Volandri,ITA,218,4,-,Lost in Qualification Roland Garros R2Lost in Vicenza R16,-,-,,Fri May 29 22:44:13 2015
214,,Rui Machado,POR,216,4,-,Lost in Qualification Roland Garros R1,-,-,,Fri May 29 22:44:13 2015
215,,Matteo Donati,ITA,215,-,-,Lost in Vicenza R16,-,-,,Fri May 29 22:44:13 2015
216,,Mirza Basic,BIH,215,-9,-,Lost in Qualification Roland Garros R1,-,-,,Fri May 29 22:44:13 2015
217,,David Guez,FRA,215,32,-,Lost in Qualification Roland Garros R3,-,-,,Fri May 29 22:44:13 2015
218,,Ramkumar Ramanathan,IND,215,40,Mysore F,Lost in Qualification Roland Garros R2,227,227,,Fri May 29 22:44:13 2015
219,,Yannick Mertens,BEL,214,3,-,-,-,-,,Fri May 29 22:44:13 2015
220,,Daniel Nguyen,USA,214,22,-,Daegu WLost in Changwon R32,-,-,,Fri May 29 22:44:13 2015
221,,Jesse Huta Galung,NED,211,-11,-,-,-,-,,Fri May 29 22:44:13 2015
222,,Jaroslav Pospisil,CZE,211,6,-,Lost in Qualification Roland Garros R1,-,-,,Fri May 29 22:44:13 2015
223,,Karen Khachanov,RUS,211,4,-,Lost in Vicenza R32,-,-,,Fri May 29 22:44:13 2015
224,,Maxime Hamou,FRA,210,1,-,Lost in Roland Garros R128,-,-,,Fri May 29 22:44:13 2015
225,,Potito Starace,ITA,209,-28,-,Lost in Qualification Roland Garros R1,-,-,,Fri May 29 22:44:13 2015
226,,Jozef Kovalik,SVK,209,-22,-,-,-,-,,Fri May 29 22:44:13 2015
227,,Jordi Samper Montana,ESP,208,13,-,Lost in Qualification Roland Garros R2Lost in Bacau QF,-,-,,Fri May 29 22:44:13 2015
228,,Tsung Hua Yang,TPE,208,3,-,-,-,-,,Fri May 29 22:44:13 2015
229,,Pere Riba,ESP,207,-40,-,Lost in Qualification Roland Garros R1Lost in Vicenza R16,-,-,,Fri May 29 22:44:13 2015
230,,Edward Corrie,GBR,206,4,-,-,-,-,,Fri May 29 22:44:13 2015
231,,Matteo Viola,ITA,206,-7,-,Lost in Qualification Roland Garros R2Lost in Vicenza R32,-,-,,Fri May 29 22:44:13 2015
232,,Gianni Mina,FRA,206,-13,-,-,-,-,,Fri May 29 22:44:13 2015
233,,Jan Mertl,CZE,204,-12,-,Lost in Qualification Roland Garros R1Lost in Most 2 R32,-,-,,Fri May 29 22:44:13 2015
234,,Mohamed Safwat,EGY,204,4,-,-,-,-,,Fri May 29 22:44:13 2015
235,,Andrey Rublev,RUS,203,-27,-,Lost in Vicenza R32,-,-,,Fri May 29 22:44:13 2015
236,,Bradley Klahn,USA,203,-13,-,-,-,-,,Fri May 29 22:44:13 2015
237,,Nils Langer,GER,203,22,-,Lost in Bergamo QFLost in Lecco SF,-,-,,Fri May 29 22:44:13 2015
238,,Boy Westerhof,NED,203,-9,-,Lost in Qualification Roland Garros R1,-,-,,Fri May 29 22:44:13 2015
239,,Dennis Novak,AUT,202,2,-,-,-,-,,Fri May 29 22:44:13 2015
240,,Dzmitry Zhyrmont,BLR,200,8,-,-,-,-,,Fri May 29 22:44:13 2015
241,,Laslo Djere,SRB,200,6,-,Lost in Qualification Roland Garros R1,-,-,,Fri May 29 22:44:13 2015
242,,Egor Gerasimov,BLR,199,3,-,-,-,-,,Fri May 29 22:44:13 2015
243,,Tristan Lamasine,FRA,199,-7,-,Lost in Qualification Roland Garros R2,-,-,,Fri May 29 22:44:13 2015
244,,Juan Carlos Saez,CHI,199,13,-,Lost in Bucharest QFLost in Bacau QF,-,-,,Fri May 29 22:44:13 2015
245,,Jules Marie,FRA,199,5,-,Lost in Qualification Roland Garros R1Lost in Antalya 21 R32,-,-,,Fri May 29 22:44:13 2015
246,,Fabiano De Paula,BRA,199,-9,-,-,-,-,,Fri May 29 22:44:13 2015
247,,Yannick Jankovits,FRA,199,4,-,-,-,-,,Fri May 29 22:44:13 2015
248,,Jordan Thompson,AUS,198,6,-,Lost in Qualification Roland Garros R1Lost in Bacau SF,-,-,,Fri May 29 22:44:13 2015
249,,Henrique Cunha,BRA,198,-5,-,-,-,-,,Fri May 29 22:44:13 2015
250,,Antonio Veic,CRO,197,-11,-,Lost in Qualification Roland Garros R1,-,-,,Fri May 29 22:44:13 2015
251,,Riccardo Bellotti,ITA,197,5,-,-,-,-,,Fri May 29 22:44:13 2015
252,,Andrej Martin,SVK,196,-60,-,Lost in Qualification Roland Garros R1,-,-,,Fri May 29 22:44:13 2015
253,,Tomislav Brkic,BIH,194,-7,Brcko SF,-,198,206,,Fri May 29 22:44:13 2015
254,,Grzegorz Panfil,POL,193,26,Pantiani 3 SF,Pantiani 2 W,197,205,,Fri May 29 22:44:13 2015
255,,Christian Garin,CHI,192,7,-,Lost in Qualification Roland Garros R1,-,-,,Fri May 29 22:44:13 2015
256,,Uladzimir Ignatik,BLR,191,-3,Most 2 SF,Lost in Jablonec Nad Nisou F,195,203,,Fri May 29 22:44:13 2015
257,,Oriol Roca Batalla,ESP,190,6,-,-,-,-,,Fri May 29 22:44:13 2015
258,,Peter Torebko,GER,189,-3,-,-,-,-,,Fri May 29 22:44:13 2015
259,,Benjamin Mitchell,AUS,188,-29,-,Lost in Qualification Roland Garros R1,-,-,,Fri May 29 22:44:13 2015
260,,Lamine Ouahab,MAR,187,5,-,Lost in Qualification Roland Garros R1,-,-,,Fri May 29 22:44:13 2015
261,,Mate Delic,CRO,187,5,-,Lost in Qualification Roland Garros R1,-,-,,Fri May 29 22:44:13 2015
262,,Federico Gaio,ITA,187,16,-,Lost in Vicenza R16Lost in Bergamo F,-,-,,Fri May 29 22:44:13 2015
263,,Connor Smith,USA,187,8,Changwon SF,-,194,206,,Fri May 29 22:44:13 2015
264,,Enrique Lopez Perez,ESP,187,3,-,-,-,-,,Fri May 29 22:44:13 2015
265,,Marco Trungelliti,ARG,186,4,-,Lost in Qualification Roland Garros R3,-,-,,Fri May 29 22:44:13 2015
266,,Remi Boutillier,FRA,186,-31,-,Lost in Vicenza R32,-,-,,Fri May 29 22:44:13 2015
267,,Jonathan Eysseric,FRA,185,-24,-,-,-,-,,Fri May 29 22:44:13 2015
268,,Michael Russell,USA,184,-8,-,-,-,-,,Fri May 29 22:44:13 2015
269,,Alex Bolt,AUS,184,-8,-,Lost in Qualification Roland Garros R1,-,-,,Fri May 29 22:44:13 2015
270,,Denys Molchanov,UKR,184,9,-,Lost in Qualification Roland Garros R2,-,-,,Fri May 29 22:44:13 2015
271,,Nicolas Barrientos,COL,183,-3,-,Lost in Pereira 6 R32,-,-,,Fri May 29 22:44:13 2015
272,,Liang Chi Huang,TPE,183,2,Wuhan 2 QF,Lost in Wuhan QF,188,207,,Fri May 29 22:44:13 2015
273,,Gianluca Naso,ITA,181,-3,-,Lost in Bergamo QF,-,-,,Fri May 29 22:44:13 2015
274,,Alex Kuznetsov,USA,180,-2,-,-,-,-,,Fri May 29 22:44:13 2015
275,,Frederik Nielsen,DEN,180,-2,-,-,-,-,,Fri May 29 22:44:13 2015
276,,Hugo Dellien,BOL,176,-12,-,-,-,-,,Fri May 29 22:44:13 2015
277,,Franko Skugor,CRO,174,12,-,Prijedor W,-,-,,Fri May 29 22:44:13 2015
278,,Di Wu,CHN,174,23,Wuhan 2 QF,Wuhan W,179,198,,Fri May 29 22:44:13 2015
279,,Laurent Lokoli,FRA,172,-46,-,-,-,-,,Fri May 29 22:44:13 2015
280,,Alexis Musialek,FRA,170,3,-,Lost in Vic QF,-,-,,Fri May 29 22:44:13 2015
281,,Henri Laaksonen,SUI,169,4,-,-,-,-,,Fri May 29 22:44:13 2015
282,,Yasutaka Uchiyama,JPN,169,9,Sta. Margarida de Montbui SF,-,173,181,,Fri May 29 22:44:13 2015
283,,Arthur De Greef,BEL,168,5,-,Lost in Qualification Roland Garros R1,-,-,,Fri May 29 22:44:13 2015
284,,Frances Tiafoe,USA,166,3,-,Lost in Roland Garros R128,-,-,,Fri May 29 22:44:13 2015
285,,Pedja Krstin,SRB,166,-1,-,-,-,-,,Fri May 29 22:44:13 2015
286,,Frederico Ferreira Silva,POR,166,-11,Idanha-A-Nova SF,-,170,178,,Fri May 29 22:44:13 2015
287,,Andres Molteni,ARG,164,-5,-,Lost in Lecco SF,-,-,,Fri May 29 22:44:13 2015
288,,Dusan Lojda,CZE,164,-2,-,-,-,-,,Fri May 29 22:44:13 2015
289,,Daniel Cox,GBR,161,6,-,Lost in Antalya 20 F,-,-,,Fri May 29 22:44:13 2015
290,,Erik Crepaldi,ITA,161,33,-,Antalya 20 W,-,-,,Fri May 29 22:44:13 2015
291,,Quentin Halys,FRA,159,5,-,Lost in Roland Garros R128,-,-,,Fri May 29 22:44:13 2015
292,,Takuto Niki,JPN,159,-11,-,Lost in Wuhan 2 R16,-,-,,Fri May 29 22:44:13 2015
293,,Gonzalo Escobar,ECU,158,4,-,-,-,-,,Fri May 29 22:44:13 2015
294,,Miljan Zekic,SRB,156,5,-,Lost in Bol 4 R16,-,-,,Fri May 29 22:44:13 2015
295,,Gregoire Barrere,FRA,156,5,-,Lost in Qualification Roland Garros R1,-,-,,Fri May 29 22:44:13 2015
296,,Juan Ignacio Londero,ARG,154,-19,-,Lost in Qualification Roland Garros R1,-,-,,Fri May 29 22:44:13 2015
297,,Julien Cagnina,BEL,154,-5,-,Lost in Prijedor QF,-,-,,Fri May 29 22:44:13 2015
298,,Antal Van Der Duim,NED,152,4,-,-,-,-,,Fri May 29 22:44:13 2015
299,,Dimitar Kuzmanov,BUL,151,5,-,-,-,-,,Fri May 29 22:44:13 2015
300,,Marcelo Arevalo,ESA,150,5,-,-,-,-,,Fri May 29 22:44:13 2015
301,,Mitchell Krueger,USA,150,-11,-,Lost in Qualification Roland Garros R1,-,-,,Fri May 29 22:44:13 2015
302,,Grega Zemlja,SLO,149,5,-,-,-,-,,Fri May 29 22:44:13 2015
303,,Yaraslav Shyla,BLR,149,5,-,-,-,-,,Fri May 29 22:44:13 2015
304,,Constant Lestienne,FRA,149,12,Cherkassy 3 SF,Lost in Qualification Roland Garros R1,153,161,,Fri May 29 22:44:13 2015
305,,Jose Pereira,BRA,148,19,-,Lost in Vicenza R32Lost in Bergamo SF,-,-,,Fri May 29 22:44:13 2015
306,,Alexander Sarkissian,USA,148,6,-,-,-,-,,Fri May 29 22:44:13 2015
307,,Jaime Pulgar Garcia,ESP,148,6,-,-,-,-,,Fri May 29 22:44:13 2015
308,,Adrien Bossel,SUI,147,6,-,-,-,-,,Fri May 29 22:44:13 2015
309,,Yann Marti,SUI,147,6,-,-,-,-,,Fri May 29 22:44:13 2015
310,,Guillaume Rufin,FRA,146,9,-,Lost in Qualification Roland Garros R1,-,-,,Fri May 29 22:44:13 2015
311,,Duckhee Lee,KOR,145,16,Wuhan 2 QF,Lost in Wuhan QF,150,169,,Fri May 29 22:44:13 2015
312,,Eduardo Struvay,COL,145,-2,-,-,-,-,,Fri May 29 22:44:13 2015
313,,Dimitar Kutrovsky,BUL,145,-20,-,Lost in Daegu R16,-,-,,Fri May 29 22:44:13 2015
314,,Kamil Majchrzak,POL,144,52,Bacau F,Lost in Bucharest R16,159,159,,Fri May 29 22:44:13 2015
315,,Ivo Klec,SVK,144,10,-,-,-,-,,Fri May 29 22:44:13 2015
316,,Jorge Aguilar,CHI,143,10,-,Lost in Villa del Dique R32Lost in Villa Allende R32,-,-,,Fri May 29 22:44:13 2015
317,,Ante Pavic,CRO,142,-41,-,Lost in Qualification Roland Garros R1,-,-,,Fri May 29 22:44:13 2015
318,,Jan Satral,CZE,142,22,Most 2 SF,Lost in Jablonec Nad Nisou QF,146,154,,Fri May 29 22:44:13 2015
319,,Adam El Mihdawy,USA,142,14,-,Lost in Cordoba 2 QF,-,-,,Fri May 29 22:44:13 2015
320,,Benjamin Balleret,MON,141,21,-,Lost in Pantiani 2 SFLost in Lecco R32,-,-,,Fri May 29 22:44:13 2015
321,,Gavin Van Peperzeel,AUS,140,17,-,Lost in Bol 3 SFLost in Bol 4 R16,-,-,,Fri May 29 22:44:13 2015
322,,Marek Michalicka,CZE,140,-24,-,Jablonec Nad Nisou WLost in Most 2 QF,-,-,,Fri May 29 22:44:13 2015
323,,Lukasz Kubot,POL,138,-14,-,-,-,-,,Fri May 29 22:44:13 2015
324,,Fernando Romboli,BRA,138,10,-,Lost in Pereira 5 R32,-,-,,Fri May 29 22:44:13 2015
325,,Roberto Ortega Olmedo,ESP,138,-8,Idanha-A-Nova SF,Lost in Pombal SF,142,150,,Fri May 29 22:44:13 2015
326,,David Perez Sanz,ESP,138,-23,-,Lost in Annaba F,-,-,,Fri May 29 22:44:13 2015
327,,Stefano Travaglia,ITA,137,12,-,Lost in Bergamo QFLost in Lecco R32,-,-,,Fri May 29 22:44:13 2015
328,,Filip Horansky,SVK,136,7,-,-,-,-,,Fri May 29 22:44:13 2015
329,,Tomas Lipovsek Puches,ARG,135,51,Villa Allende F,Lost in Villa del Dique R32,150,150,,Fri May 29 22:44:13 2015
330,,Matthew Barton,AUS,134,7,-,-,-,-,,Fri May 29 22:44:13 2015
331,,Marco Chiudinelli,SUI,133,12,-,-,-,-,,Fri May 29 22:44:13 2015
332,,Dane Propoggia,AUS,133,14,-,-,-,-,,Fri May 29 22:44:13 2015
333,,Alexandar Lazov,BUL,133,14,-,Lost in Bucharest QF,-,-,,Fri May 29 22:44:13 2015
334,,Matija Pecotic,CRO,132,14,-,-,-,-,,Fri May 29 22:44:13 2015
335,,Gonzalo Lama,CHI,132,-24,-,-,-,-,,Fri May 29 22:44:13 2015
336,,Nikola Milojevic,SRB,132,13,-,-,-,-,,Fri May 29 22:44:13 2015
337,,Daniel Brands,GER,130,-6,-,-,-,-,,Fri May 29 22:44:13 2015
338,,Adrian Sikora,SVK,130,4,Most 2 SF,Lost in Jablonec Nad Nisou R16,134,142,,Fri May 29 22:44:13 2015
339,,Federico Coria,ARG,130,49,-,Lost in Villa del Dique FLost in Villa Allende SF,-,-,,Fri May 29 22:44:13 2015
340,,Janez Semrajc,SLO,129,-46,-,-,-,-,,Fri May 29 22:44:13 2015
341,,Philipp Petzschner,GER,129,11,-,-,-,-,,Fri May 29 22:44:13 2015
342,,Martin Alund,ARG,129,-6,-,-,-,-,,Fri May 29 22:44:13 2015
343,,Emilio Gomez,ECU,129,-15,-,Lost in Pereira 5 R16Lost in Pereira 6 QF,-,-,,Fri May 29 22:44:13 2015
344,,Eric Quigley,USA,129,10,-,-,-,-,,Fri May 29 22:44:13 2015
345,,Joshua Milton,GBR,129,10,-,-,-,-,,Fri May 29 22:44:13 2015
346,,Marc Giner,ESP,129,-26,-,Lost in Bucharest R16Lost in Bacau R32,-,-,,Fri May 29 22:44:13 2015
347,,Tennys Sandgren,USA,128,9,-,-,-,-,,Fri May 29 22:44:13 2015
348,,Martin Fischer,AUT,128,-27,-,-,-,-,,Fri May 29 22:44:13 2015
349,,Philip Bester,CAN,128,9,-,Lost in Daegu R16,-,-,,Fri May 29 22:44:13 2015
350,,Cheong Eui Kim,KOR,127,-6,-,Lost in Daegu R16Lost in Changwon R16,-,-,,Fri May 29 22:44:13 2015
351,,Stefan Kozlov,USA,125,22,-,Lost in Cordoba 2 SF,-,-,,Fri May 29 22:44:13 2015
352,,Sanam Singh,IND,124,11,-,-,-,-,,Fri May 29 22:44:13 2015
353,,Maximilian Marterer,GER,124,-8,-,Lost in Most 2 R16,-,-,,Fri May 29 22:44:13 2015
354,,Laurynas Grigelis,LTU,124,10,-,-,-,-,,Fri May 29 22:44:13 2015
355,,Florent Serra,FRA,123,10,-,-,-,-,,Fri May 29 22:44:13 2015
356,,Maxime Teixeira,FRA,123,11,-,-,-,-,,Fri May 29 22:44:13 2015
357,,Toni Androic,CRO,123,57,-,Bol 3 WLost in Bol 4 R32,-,-,,Fri May 29 22:44:13 2015
358,,Tucker Vorster,RSA,123,1,Antalya 21 SF,-,127,135,,Fri May 29 22:44:13 2015
359,,Omar Jasika,AUS,121,24,Changwon SF,Lost in Daegu R16,128,140,,Fri May 29 22:44:13 2015
360,,Calvin Hemery,FRA,121,53,-,Lost in Qualification Roland Garros R3,-,-,,Fri May 29 22:44:13 2015
361,,Stefano Napolitano,ITA,121,-11,-,Lost in Vicenza R32,-,-,,Fri May 29 22:44:13 2015
362,,Rhyne Williams,USA,120,8,-,-,-,-,,Fri May 29 22:44:13 2015
363,,Andriej Kapas,POL,120,-3,-,Lost in Bergamo R32,-,-,,Fri May 29 22:44:13 2015
364,,Yan Bai,CHN,119,13,Wuhan 2 QF,Lost in Wuhan R16,124,143,,Fri May 29 22:44:13 2015
365,,Javier Marti,ESP,118,6,-,-,-,-,,Fri May 29 22:44:13 2015
366,,Agustin Velotti,ARG,118,6,-,-,-,-,,Fri May 29 22:44:13 2015
367,,Caio Zampieri,BRA,118,31,Pereira 6 SF,Lost in Pereira 5 QF,122,130,,Fri May 29 22:44:13 2015
368,,Nikola Mektic,CRO,118,-7,-,-,-,-,,Fri May 29 22:44:13 2015
369,,Omar Giacalone,ITA,118,25,-,Lost in Bergamo SFLost in Lecco QF,-,-,,Fri May 29 22:44:13 2015
370,,Jose (Rubin) Statham,NZL,117,19,-,Lost in Daegu QFLost in Changwon R16,-,-,,Fri May 29 22:44:13 2015
371,,Victor Baluda,RUS,117,25,Pantiani 3 F,-,125,125,,Fri May 29 22:44:13 2015
372,,Kevin King,USA,117,2,-,-,-,-,,Fri May 29 22:44:13 2015
373,,Maxim Dubarenco,BLR,117,-41,-,Lost in Bucharest R16Lost in Bacau QF,-,-,,Fri May 29 22:44:13 2015
374,,Gerard Granollers,ESP,117,-52,-,-,-,-,,Fri May 29 22:44:13 2015
375,,Ivan Bjelica,SRB,116,3,-,-,-,-,,Fri May 29 22:44:13 2015
376,,Johan Tatlot,FRA,116,3,-,-,-,-,,Fri May 29 22:44:13 2015
377,,Anton Zaitcev,RUS,116,10,-,Lost in Moscow QF,-,-,,Fri May 29 22:44:13 2015
378,,Roman Safiullin,RUS,115,3,-,-,-,-,,Fri May 29 22:44:13 2015
379,,Matteo Trevisan,ITA,115,50,-,Bergamo WLost in Lecco QF,-,-,,Fri May 29 22:44:13 2015
380,,Louk Sorensen,IRL,114,-29,-,-,-,-,,Fri May 29 22:44:13 2015
381,,Zhe Li,CHN,114,21,Wuhan 2 QF,Lost in Wuhan F,119,138,,Fri May 29 22:44:13 2015
382,,Fabrice Martin,FRA,113,2,-,-,-,-,,Fri May 29 22:44:13 2015
383,,Duilio Beretta,PER,113,7,-,-,-,-,,Fri May 29 22:44:13 2015
384,,Micke Kontinen,FIN,112,7,-,-,-,-,,Fri May 29 22:44:13 2015
385,,Marcus Willis,GBR,112,25,Sharm El Sheikh 17 F,Lost in Sharm El Sheikh 16 R32,120,120,,Fri May 29 22:44:13 2015
386,,Salvatore Caruso,ITA,112,7,-,Lost in Vicenza R32Lost in Bergamo R16,-,-,,Fri May 29 22:44:13 2015
387,,Michael Linzer,AUT,111,28,-,Lost in Bucharest R16Lost in Pantiani 3 SF,-,-,,Fri May 29 22:44:13 2015
388,,Richard Becker,GER,111,-35,-,-,-,-,,Fri May 29 22:44:13 2015
389,,Miki Jankovic,SRB,111,-32,-,Lost in Bacau R16,-,-,,Fri May 29 22:44:13 2015
390,,Joris De Loore,BEL,110,7,-,-,-,-,,Fri May 29 22:44:13 2015
391,,Takanyi Garanganga,ZIM,109,25,-,Lost in Pombal SF,-,-,,Fri May 29 22:44:13 2015
392,,N Vijay Sundar Prashanth,IND,109,9,-,-,-,-,,Fri May 29 22:44:13 2015
393,,Julien Obry,FRA,109,-7,-,-,-,-,,Fri May 29 22:44:13 2015
394,,Yannik Reuter,BEL,109,-19,-,Lost in Bacau SF,-,-,,Fri May 29 22:44:13 2015
395,,Martin Vaisse,FRA,108,-10,-,-,-,-,,Fri May 29 22:44:13 2015
396,,Bastian Trinker,AUT,108,-27,Antalya 21 SF,-,112,120,,Fri May 29 22:44:13 2015
397,,Marko Tepavac,SRB,108,2,-,-,-,-,,Fri May 29 22:44:13 2015
398,,Robby Ginepri,USA,107,9,-,-,-,-,,Fri May 29 22:44:13 2015
399,,Philipp Davydenko,RUS,107,9,-,Lost in Moscow QF,-,-,,Fri May 29 22:44:13 2015
400,,N.Sriram Balaji,IND,107,11,-,-,-,-,,Fri May 29 22:44:13 2015
401,,Sam Barry,IRL,107,-1,-,-,-,-,,Fri May 29 22:44:13 2015
402,,Gianluca Mager,ITA,107,-7,-,Lost in Lecco QF,-,-,,Fri May 29 22:44:13 2015
403,,Mate Pavic,CRO,106,9,-,-,-,-,,Fri May 29 22:44:13 2015
404,,Ivan Endara,ECU,106,15,-,Lost in Cordoba 2 SF,-,-,,Fri May 29 22:44:13 2015
405,,Miloslav Mecir,SVK,105,-75,-,-,-,-,,Fri May 29 22:44:13 2015
406,,Flavio Cipolla,ITA,105,-14,-,-,-,-,,Fri May 29 22:44:13 2015
407,,Peter Polansky,CAN,104,-101,-,-,-,-,,Fri May 29 22:44:13 2015
408,,Nikola Cacic,SRB,104,-46,-,-,-,-,,Fri May 29 22:44:13 2015
409,,Danai Udomchoke,THA,104,-41,-,-,-,-,,Fri May 29 22:44:13 2015
410,,Kento Takeuchi,JPN,104,10,Wuhan 2 QF,-,109,128,,Fri May 29 22:44:13 2015
411,,Chuhan Wang,CHN,102,-6,-,-,-,-,,Fri May 29 22:44:13 2015
412,,Thiago Monteiro,BRA,102,10,Pantiani 3 SF,Lost in Pantiani 2 QF,106,114,,Fri May 29 22:44:13 2015
413,,Patrik Rosenholm,SWE,101,21,-,Lost in Bol 4 SF,-,-,,Fri May 29 22:44:13 2015
414,,Ilija Bozoljac,SRB,100,-5,-,-,-,-,,Fri May 29 22:44:13 2015
415,,Alexander Ward,GBR,100,-9,-,Lost in Vic F,-,-,,Fri May 29 22:44:13 2015
416,,Jeevan Nedunchezhiyan,IND,100,-13,-,Lost in Tumon R32,-,-,,Fri May 29 22:44:13 2015
417,,Maxime Chazal,FRA,99,31,-,Vic W,-,-,,Fri May 29 22:44:13 2015
418,,Daniel Masur,GER,99,23,-,Lost in Bol 3 SFLost in Bol 4 QF,-,-,,Fri May 29 22:44:13 2015
419,,David Rice,GBR,99,-37,-,Lost in Antalya 20 QF,-,-,,Fri May 29 22:44:13 2015
420,,Alexandre Folie,BEL,98,6,-,-,-,-,,Fri May 29 22:44:13 2015
421,,Nicolas Meister,USA,97,2,-,-,-,-,,Fri May 29 22:44:13 2015
422,,Cristobal Saavedra Corvalan,CHI,97,5,-,-,-,-,,Fri May 29 22:44:13 2015
423,,Mateo Nicolas Martinez,ARG,97,2,-,Lost in Bergamo R16Lost in Lecco QF,-,-,,Fri May 29 22:44:13 2015
424,,Vladimir Ivanov,EST,96,8,-,Lost in Moscow R32,-,-,,Fri May 29 22:44:13 2015
425,,Yuya Kibi,JPN,96,-8,-,Lost in Daegu R32Lost in Changwon R32,-,-,,Fri May 29 22:44:13 2015
426,,Ruan Roelofse,RSA,95,9,-,Lost in Antalya 21 QF,-,-,,Fri May 29 22:44:13 2015
427,,Walter Trusendi,ITA,94,3,-,-,-,-,,Fri May 29 22:44:13 2015
428,,Hugo Nys,FRA,94,8,-,Lost in Sta. Margarida de Montbui R32,-,-,,Fri May 29 22:44:13 2015
429,,Christopher Diaz Figueroa,GUA,94,8,-,-,-,-,,Fri May 29 22:44:13 2015
430,,Daniil Medvedev,RUS,93,41,Moscow F,-,105,105,,Fri May 29 22:44:13 2015
431,,Ilya Ivashka,BLR,93,41,-,Lost in Daegu FLost in Changwon R16,-,-,,Fri May 29 22:44:13 2015
432,,Kirill Dmitriev,RUS,93,6,-,Lost in Bucharest R32,-,-,,Fri May 29 22:44:13 2015
433,,Florian Fallert,GER,92,6,-,Lost in Bergamo R32Lost in Lecco R32,-,-,,Fri May 29 22:44:13 2015
434,,Vladyslav Manafov,UKR,91,-16,-,Lost in Cherkassy 2 R16Lost in Cherkassy 3 R16,-,-,,Fri May 29 22:44:13 2015
435,,Gleb Sakharov,FRA,90,8,-,-,-,-,,Fri May 29 22:44:13 2015
436,,Denis Matsukevich,RUS,90,8,-,-,-,-,,Fri May 29 22:44:13 2015
437,,Guillermo Rivera Aranguiz,CHI,90,10,-,Lost in Pereira 5 R32Lost in Pereira 6 R16,-,-,,Fri May 29 22:44:13 2015
438,,Ricardo Rodriguez Pace,VEN,89,-17,-,-,-,-,,Fri May 29 22:44:13 2015
439,,Mikhail Ledovskikh,RUS,88,10,-,-,-,-,,Fri May 29 22:44:13 2015
440,,Victor Crivoi,ROU,88,30,-,Lost in Bucharest F,-,-,,Fri May 29 22:44:13 2015
441,,Nicolaas Scholtz,RSA,88,9,-,-,-,-,,Fri May 29 22:44:13 2015
442,,Marcos Giron,USA,88,9,-,Lost in Daegu R32,-,-,,Fri May 29 22:44:13 2015
443,,Sebastien Boltz,FRA,88,17,Idanha-A-Nova SF,Lost in Pombal R16,92,100,,Fri May 29 22:44:13 2015
444,,Cem Ilkel,TUR,88,-13,-,-,-,-,,Fri May 29 22:44:13 2015
445,,Peter Heller,GER,87,8,-,-,-,-,,Fri May 29 22:44:13 2015
446,,Ricardo Ojeda Lara,ESP,87,-4,-,Lost in Pombal QF,-,-,,Fri May 29 22:44:13 2015
447,,Adrian Partl,SVK,86,8,-,-,-,-,,Fri May 29 22:44:13 2015
448,,Thales Turini,BRA,86,-15,-,Lost in Pereira 5 R32,-,-,,Fri May 29 22:44:13 2015
449,,Ivan Gakhov,RUS,86,44,Moscow F,-,98,98,,Fri May 29 22:44:13 2015
450,,Dmitry Popko,KAZ,85,63,-,Bucharest W,-,-,,Fri May 29 22:44:13 2015
451,,Alexander Vasilenko,RUS,84,5,-,-,-,-,,Fri May 29 22:44:13 2015
452,,Dragos Dima,ROU,84,40,Bacau F,Lost in Bucharest QF,99,99,,Fri May 29 22:44:13 2015
453,,Maverick Banes,AUS,84,-49,Bol 4 F,Lost in Bol 3 R32,92,92,,Fri May 29 22:44:13 2015
454,,Daniel Garza,MEX,84,10,-,Lost in Cordoba 2 QF,-,-,,Fri May 29 22:44:13 2015
455,,Vaclav Safranek,CZE,84,25,-,Lost in Jablonec Nad Nisou SFLost in Most 2 QF,-,-,,Fri May 29 22:44:13 2015
456,,Peter Kobelt,USA,83,3,-,-,-,-,,Fri May 29 22:44:13 2015
457,,Fritz Wolmarans,RSA,82,-29,-,Lost in Daegu R32Lost in Changwon QF,-,-,,Fri May 29 22:44:13 2015
458,,Lorenzo Giustino,ITA,82,-12,-,-,-,-,,Fri May 29 22:44:13 2015
459,,Stephane Robert,FRA,81,99,-,Qualification Roland Garros WLost in Roland Garros R128,-,-,,Fri May 29 22:44:13 2015
460,,Jan Hajek,CZE,81,1,-,-,-,-,,Fri May 29 22:44:13 2015
461,,Filip Peliwo,CAN,81,1,-,-,-,-,,Fri May 29 22:44:13 2015
462,,Jean Yves Aubone,USA,81,1,-,-,-,-,,Fri May 29 22:44:13 2015
463,,Gianluigi Quinzi,ITA,80,-87,-,-,-,-,,Fri May 29 22:44:13 2015
464,,Viktor Durasovic,NOR,80,1,-,-,-,-,,Fri May 29 22:44:13 2015
465,,Toshihide Matsui,JPN,80,-41,-,-,-,-,,Fri May 29 22:44:13 2015
466,,Tommy Paul,USA,79,62,Lecco F,Lost in Vic SF,87,87,,Fri May 29 22:44:13 2015
467,,Laurent Rochette,FRA,79,1,-,-,-,-,,Fri May 29 22:44:13 2015
468,,Alessandro Bega,ITA,79,5,-,Lost in Bergamo QFLost in Lecco R16,-,-,,Fri May 29 22:44:13 2015
469,,Danilo Petrovic,SRB,79,-24,-,Lost in Brcko R16,-,-,,Fri May 29 22:44:13 2015
470,,Boris Pashanski,SRB,78,-1,-,-,-,-,,Fri May 29 22:44:13 2015
471,,Patricio Heras,ARG,78,7,-,Lost in Bol 3 QFLost in Bacau R32,-,-,,Fri May 29 22:44:13 2015
472,,Riccardo Sinicropi,ITA,78,-18,-,-,-,-,,Fri May 29 22:44:13 2015
473,,Matt Reid,AUS,77,2,-,-,-,-,,Fri May 29 22:44:13 2015
474,,Janko Tipsarevic,SRB,76,2,-,-,-,-,,Fri May 29 22:44:13 2015
475,,Axel Michon,FRA,76,-157,-,-,-,-,,Fri May 29 22:44:13 2015
476,,Mauricio Echazu,PER,76,3,-,Lost in Cordoba 2 R32,-,-,,Fri May 29 22:44:13 2015
477,,Valery Rudnev,RUS,75,-,-,-,-,-,,Fri May 29 22:44:13 2015
478,,Evgeny Tyurnev,RUS,75,7,-,Lost in Moscow R16,-,-,,Fri May 29 22:44:13 2015
479,,Hiroyasu Ehara,JPN,75,11,-,Lost in Daegu QFLost in Changwon R32,-,-,,Fri May 29 22:44:13 2015
480,,Juan Ignacio Galarza,ARG,75,77,-,Villa del Dique WLost in Villa Allende R16,-,-,,Fri May 29 22:44:13 2015
481,,Tom Kocevar Desman,SLO,74,26,Brcko SF,-,78,86,,Fri May 29 22:44:13 2015
482,,Bastian Malla,CHI,74,5,-,Lost in Pereira 5 R32Lost in Pereira 6 R16,-,-,,Fri May 29 22:44:13 2015
483,,Florian Mayer,GER,73,44,-,Lost in Roland Garros R128,-,-,,Fri May 29 22:44:13 2015
484,,Mario Vilella Martinez,ESP,73,26,-,Lost in Annaba SF,-,-,,Fri May 29 22:44:13 2015
485,,Shuichi Sekiguchi,JPN,73,3,-,-,-,-,,Fri May 29 22:44:13 2015
486,,Vasile Antonescu,ROU,73,-5,-,Lost in Bucharest R16Lost in Bacau R32,-,-,,Fri May 29 22:44:13 2015
487,,Michael Venus,NZL,72,-13,-,-,-,-,,Fri May 29 22:44:13 2015
488,,Ji Sung Nam,KOR,72,35,Changwon SF,Lost in Daegu QF,79,91,,Fri May 29 22:44:13 2015
489,,Michal Schmid,CZE,72,10,-,Lost in Prijedor QF,-,-,,Fri May 29 22:44:13 2015
490,,Tiago Lopes,BRA,72,50,-,Lost in Pereira 5 FLost in Pereira 6 QF,-,-,,Fri May 29 22:44:13 2015
491,,Yannick Maden,GER,72,-5,-,-,-,-,,Fri May 29 22:44:13 2015
492,,Mikhail Elgin,RUS,71,2,-,-,-,-,,Fri May 29 22:44:13 2015
493,,Andrew Harris,AUS,71,2,-,-,-,-,,Fri May 29 22:44:13 2015
494,,Christopher Rungkat,INA,71,-36,-,-,-,-,,Fri May 29 22:44:13 2015
495,,Maxime Tabatruong,FRA,71,11,-,Lost in Vic QFLost in Lecco R16,-,-,,Fri May 29 22:44:13 2015
496,,Evgeny Karlovskiy,RUS,71,7,-,Lost in Moscow QF,-,-,,Fri May 29 22:44:13 2015
497,,Wilson Leite,BRA,71,20,Pereira 6 SF,Lost in Pereira 5 R16,75,83,,Fri May 29 22:44:13 2015
498,,Mischa Zverev,GER,70,-,-,-,-,-,,Fri May 29 22:44:13 2015
499,,Alessandro Giannessi,ITA,70,-42,-,Lost in Lecco R32,-,-,,Fri May 29 22:44:13 2015
500,,Artem Smirnov,UKR,70,72,Cherkassy 3 SF,Lost in Cherkassy 2 F,74,82,,Fri May 29 22:44:13 2015
