Pos.,,Name,Ctry,Pts,Moved,Current Tournament,Previous Tournamtents,Next Week,Next Week,,Time
1,,Serena Williams,USA,9361,-,Roland Garros R32,-,9421,-,,Fri May 29 22:39:00 2015
2,,Maria Sharapova,RUS,7710,-,Roland Garros R16,-,5950,-2,,Fri May 29 22:39:00 2015
3,,Simona Halep,ROU,7360,-,-,Lost in Roland Garros R64,6130,-,,Fri May 29 22:39:00 2015
4,,Petra Kvitova,CZE,6760,-,Roland Garros R32,-,6760,2,,Fri May 29 22:39:00 2015
5,,Caroline Wozniacki,DEN,4940,-,-,Lost in Roland Garros R64,5000,-,,Fri May 29 22:39:00 2015
6,,Eugenie Bouchard,CAN,3888,-,-,Lost in Roland Garros R128,3118,-4,,Fri May 29 22:39:00 2015
7,,Ana Ivanovic,SRB,3655,-,Roland Garros R16,-,3765,1,,Fri May 29 22:39:00 2015
8,,Carla Suarez Navarro,ESP,3645,-,-,Lost in Roland Garros R32,3345,-,,Fri May 29 22:39:00 2015
9,,Ekaterina Makarova,RUS,3510,-,Roland Garros R16,-,3620,2,,Fri May 29 22:39:00 2015
10,,Andrea Petkovic,GER,3310,-,Roland Garros R32,-,2660,-4,,Fri May 29 22:39:00 2015
11,,Angelique Kerber,GER,3230,-,-,Lost in Roland Garros R32,3120,2,,Fri May 29 22:39:00 2015
12,,Karolina Pliskova,CZE,3010,-,-,Lost in Roland Garros R64,3010,1,,Fri May 29 22:39:00 2015
13,,Lucie Safarova,CZE,2995,-,Roland Garros R16,-,2995,1,,Fri May 29 22:39:00 2015
14,,Agnieszka Radwanska,POL,2885,-,-,Lost in Roland Garros R128,2765,1,,Fri May 29 22:39:00 2015
15,,Venus Williams,USA,2646,-,-,Lost in Roland Garros R128,2586,-,,Fri May 29 22:39:00 2015
16,,Madison Keys,USA,2275,-,Roland Garros R32,-,2395,-,,Fri May 29 22:39:00 2015
17,,Sara Errani,ITA,2140,-,Roland Garros R32,-,1840,-10,,Fri May 29 22:39:00 2015
18,,Svetlana Kuznetsova,RUS,2118,-,-,Lost in Roland Garros R64,1758,-10,,Fri May 29 22:39:00 2015
19,,Sabine Lisicki,GER,2105,1,-,Lost in Roland Garros R32,2165,1,,Fri May 29 22:39:00 2015
20,,Garbine Muguruza,ESP,2075,1,Roland Garros R16,-,1885,-3,,Fri May 29 22:39:00 2015
21,,Elina Svitolina,UKR,2045,-2,Roland Garros R16,-,2215,4,,Fri May 29 22:39:00 2015
22,,Samantha Stosur,AUS,2010,4,-,Lost in Roland Garros R32,1900,-,,Fri May 29 22:39:00 2015
23,,Barbora Strycova,CZE,1995,-1,-,Lost in Roland Garros R128,1995,4,,Fri May 29 22:39:00 2015
24,,Timea Bacsinszky,SUI,1958,-1,Roland Garros R32,-,1978,4,,Fri May 29 22:39:00 2015
25,,Jelena Jankovic,SRB,1860,-,-,Lost in Roland Garros R128,1630,-5,,Fri May 29 22:39:00 2015
26,,Shuai Peng,CHN,1842,-2,-,Lost in Roland Garros R128,1842,-,,Fri May 29 22:39:00 2015
27,,Victoria Azarenka,BLR,1733,-,Roland Garros R32,-,1863,2,,Fri May 29 22:39:00 2015
28,,Flavia Pennetta,ITA,1731,-,Roland Garros R16,-,1901,7,,Fri May 29 22:39:00 2015
29,,Alize Cornet,FRA,1700,-,Roland Garros R16,-,1870,5,,Fri May 29 22:39:00 2015
30,,Irina-Camelia Begu,ROU,1536,-,Roland Garros R32,-,1636,1,,Fri May 29 22:39:00 2015
31,,Caroline Garcia,FRA,1475,-,-,Lost in Roland Garros R128,1475,-,,Fri May 29 22:39:00 2015
32,,Zarina Diyas,KAZ,1375,-,-,Lost in Roland Garros R64,1420,-,,Fri May 29 22:39:00 2015
33,,Coco Vandeweghe,USA,1368,-,-,Lost in Roland Garros R128,1308,-1,,Fri May 29 22:39:00 2015
34,,Varvara Lepchenko,USA,1345,-,-,Lost in Roland Garros R128,1285,-3,,Fri May 29 22:39:00 2015
35,,Belinda Bencic,SUI,1320,-,-,Lost in Roland Garros R64,1380,2,,Fri May 29 22:39:00 2015
36,,Madison Brengle,USA,1304,-,-,Lost in Roland Garros R128,1284,-2,,Fri May 29 22:39:00 2015
37,,Camila Giorgi,ITA,1300,-,-,Lost in Roland Garros R64,1300,2,,Fri May 29 22:39:00 2015
38,,Roberta Vinci,ITA,1291,4,-,Lost in Roland Garros R128,1291,2,,Fri May 29 22:39:00 2015
39,,Anastasia Pavlyuchenkova,RUS,1261,-1,-,Lost in Roland Garros R128,1201,-,,Fri May 29 22:39:00 2015
40,,Sloane Stephens,USA,1250,1,Roland Garros R32,-,1140,-2,,Fri May 29 22:39:00 2015
41,,Mona Barthel,GER,1203,-2,-,Lost in Roland Garros R128,1083,-3,,Fri May 29 22:39:00 2015
42,,Karin Knapp,ITA,1175,6,-,Lost in Roland Garros R128,1175,2,,Fri May 29 22:39:00 2015
43,,Dominika Cibulkova,SVK,1163,-3,-,-,1033,-5,,Fri May 29 22:39:00 2015
44,,Kristina Mladenovic,FRA,1140,10,Roland Garros R32,-,1140,1,,Fri May 29 22:39:00 2015
45,,Heather Watson,GBR,1109,-2,-,Lost in Roland Garros R64,1069,-,,Fri May 29 22:39:00 2015
46,,Daria Gavrilova,RUS,1106,-1,-,Lost in Roland Garros R64,1168,5,,Fri May 29 22:39:00 2015
47,,Alison Riske,USA,1105,-1,-,Lost in Roland Garros R128,1045,-,,Fri May 29 22:39:00 2015
48,,Casey Dellacqua,AUS,1077,-4,-,Lost in Roland Garros R128,1017,-1,,Fri May 29 22:39:00 2015
49,,Tsvetana Pironkova,BUL,1007,-2,Roland Garros R32,-,1067,3,,Fri May 29 22:39:00 2015
50,,Kaia Kanepi,EST,1003,-1,-,Lost in Roland Garros R128,1003,-,,Fri May 29 22:39:00 2015
51,,Alexandra Dulgheru,ROU,1002,-1,-,Lost in Roland Garros R64,917,-7,,Fri May 29 22:39:00 2015
52,,Anna Karolina Schmiedlova,SVK,999,-1,-,Lost in Roland Garros R128,879,-9,,Fri May 29 22:39:00 2015
53,,Jarmila Gajdosova,AUS,998,-1,-,Lost in Roland Garros R128,978,2,,Fri May 29 22:39:00 2015
54,,Johanna Larsson,SWE,991,-1,-,Lost in Roland Garros R128,799,-13,,Fri May 29 22:39:00 2015
55,,Kurumi Nara,JPN,960,1,-,Lost in Roland Garros R64,960,-,,Fri May 29 22:39:00 2015
56,,Carina Witthoeft,GER,935,5,-,Lost in Roland Garros R64,975,4,,Fri May 29 22:39:00 2015
57,,Magdalena Rybarikova,SVK,926,1,-,Lost in Roland Garros R64,926,-,,Fri May 29 22:39:00 2015
58,,Ajla Tomljanovic,CRO,925,5,-,Lost in Roland Garros R64,755,-18,,Fri May 29 22:39:00 2015
59,,Daniela Hantuchova,SVK,915,-,-,Lost in Roland Garros R128,795,-10,,Fri May 29 22:39:00 2015
60,,Bojana Jovanovski,SRB,906,-,-,Lost in Roland Garros R64,966,7,,Fri May 29 22:39:00 2015
61,,Lucie Hradecka,CZE,896,1,-,Lost in Roland Garros R64,964,7,,Fri May 29 22:39:00 2015
62,,Saisai Zheng,CHN,884,4,-,Lost in Roland Garros R128,874,-,,Fri May 29 22:39:00 2015
63,,Lauren Davis,USA,880,1,-,Lost in Roland Garros R128,880,3,,Fri May 29 22:39:00 2015
64,,Lesia Tsurenko,UKR,877,3,-,Lost in Roland Garros R128,857,1,,Fri May 29 22:39:00 2015
65,,Tereza Smitkova,CZE,864,6,-,Lost in Roland Garros R64,904,6,,Fri May 29 22:39:00 2015
66,,Christina McHale,USA,848,-11,-,Lost in Roland Garros R128,848,1,,Fri May 29 22:39:00 2015
67,,Monica Niculescu,ROU,838,2,-,Lost in Roland Garros R128,778,-4,,Fri May 29 22:39:00 2015
68,,Katerina Siniakova,CZE,829,4,-,Lost in Roland Garros R128,787,-2,,Fri May 29 22:39:00 2015
69,,Yaroslava Shvedova,KAZ,826,-4,-,Lost in Roland Garros R128,766,-6,,Fri May 29 22:39:00 2015
70,,Mirjana Lucic-Baroni,CRO,819,-,-,Lost in Roland Garros R32,939,14,,Fri May 29 22:39:00 2015
71,,Kirsten Flipkens,BEL,815,2,-,Lost in Roland Garros R128,755,-6,,Fri May 29 22:39:00 2015
72,,Julia Goerges,GER,792,-4,Roland Garros R32,-,852,8,,Fri May 29 22:39:00 2015
73,,Tatjana Maria,GER,754,2,-,Lost in Roland Garros R128,751,-5,,Fri May 29 22:39:00 2015
74,,Shelby Rogers,USA,746,6,-,Lost in Roland Garros R128,746,-6,,Fri May 29 22:39:00 2015
75,,Polona Hercog,SLO,745,1,-,Lost in Roland Garros R64,745,-6,,Fri May 29 22:39:00 2015
76,,Teliana Pereira,BRA,745,1,-,Qualification Roland Garros WLost in Roland Garros R64,773,4,,Fri May 29 22:39:00 2015
77,,Klara Koukalova,CZE,725,1,-,Lost in Roland Garros R128,725,-7,,Fri May 29 22:39:00 2015
78,,Yanina Wickmayer,BEL,723,1,-,Lost in Roland Garros R128,663,-14,,Fri May 29 22:39:00 2015
79,,Lara Arruabarrena,ESP,723,19,-,Lost in Roland Garros R128,727,-4,,Fri May 29 22:39:00 2015
80,,Marina Erakovic,NZL,709,2,-,Lost in Roland Garros R128,649,-14,,Fri May 29 22:39:00 2015
81,,Timea Babos,HUN,693,2,-,Lost in Roland Garros R128,673,-9,,Fri May 29 22:39:00 2015
82,,Elena Vesnina,RUS,688,13,-,Lost in Roland Garros R32,748,3,,Fri May 29 22:39:00 2015
83,,Annika Beck,GER,688,-2,-,Lost in Roland Garros R32,808,17,,Fri May 29 22:39:00 2015
84,,Kiki Bertens,NED,685,6,-,Lost in Roland Garros R128,415,-43,,Fri May 29 22:39:00 2015
85,,Irina Falconi,USA,685,-1,Roland Garros R32,-,797,17,,Fri May 29 22:39:00 2015
86,,Monica Puig,PUR,680,-29,-,Lost in Roland Garros R128,680,-2,,Fri May 29 22:39:00 2015
87,,Aleksandra Krunic,SRB,678,-2,-,Lost in Roland Garros R128,668,-4,,Fri May 29 22:39:00 2015
88,,Denisa Allertova,CZE,663,-2,-,Lost in Roland Garros R64,732,6,,Fri May 29 22:39:00 2015
89,,Danka Kovinic,MNE,661,-2,-,Lost in Roland Garros R64,680,-,,Fri May 29 22:39:00 2015
90,,Evgeniya Rodina,RUS,659,1,-,Lost in Roland Garros R128,619,-8,,Fri May 29 22:39:00 2015
91,,Vitalia Diatchenko,RUS,657,-2,-,Lost in Roland Garros R64,697,5,,Fri May 29 22:39:00 2015
92,,Francesca Schiavone,ITA,652,-,Roland Garros R32,-,772,19,,Fri May 29 22:39:00 2015
93,,Alison Van Uytvanck,BEL,647,-5,Roland Garros R32,-,767,19,,Fri May 29 22:39:00 2015
94,,Ana Konjuh,CRO,643,-1,-,Lost in Roland Garros R64,689,7,,Fri May 29 22:39:00 2015
95,,Pauline Parmentier,FRA,640,-1,-,Lost in Roland Garros R128,410,-36,,Fri May 29 22:39:00 2015
96,,Stefanie Voegele,SUI,638,-,-,Lost in Roland Garros R128,578,-7,,Fri May 29 22:39:00 2015
97,,Silvia Soler-Espinosa,ESP,625,-23,-,Lost in Roland Garros R64,565,-7,,Fri May 29 22:39:00 2015
98,,Nicole Gibbs,USA,620,-1,-,Lost in Roland Garros R128,617,-1,,Fri May 29 22:39:00 2015
99,,Yulia Putintseva,KAZ,612,6,-,Lost in Roland Garros R64,652,6,,Fri May 29 22:39:00 2015
100,,Andreea Mitu,ROU,598,-1,Roland Garros R32,-,710,15,,Fri May 29 22:39:00 2015
101,,Magda Linette,POL,594,-1,-,Lost in Roland Garros R128,594,1,,Fri May 29 22:39:00 2015
102,,Kateryna Kozlova,UKR,581,-1,-,-,544,-3,,Fri May 29 22:39:00 2015
103,,Misaki Doi,JPN,576,9,-,Lost in Roland Garros R64,636,7,,Fri May 29 22:39:00 2015
104,,Mariana Duque-Marino,COL,576,-2,-,Lost in Qualification Roland Garros R2,587,2,,Fri May 29 22:39:00 2015
105,,Anna-Lena Friedsam,GER,573,-2,-,Lost in Roland Garros R64,633,8,,Fri May 29 22:39:00 2015
106,,Sesil Karatantcheva,BUL,565,-2,-,Qualification Roland Garros WLost in Roland Garros R64,643,11,,Fri May 29 22:39:00 2015
107,,Qiang Wang,CHN,558,-1,-,Lost in Roland Garros R128,510,-3,,Fri May 29 22:39:00 2015
108,,Lin Zhu,CHN,541,-1,-,Lost in Qualification Roland Garros R1,474,-7,,Fri May 29 22:39:00 2015
109,,Urszula Radwanska,POL,538,-1,-,Lost in Qualification Roland Garros R1,530,1,,Fri May 29 22:39:00 2015
110,,Jana Cepelova,SVK,531,-1,-,Lost in Qualification Roland Garros R2,541,4,,Fri May 29 22:39:00 2015
111,,An-Sophie Mestach,BEL,525,4,-,-,525,2,,Fri May 29 22:39:00 2015
112,,Elizaveta Kulichkova,RUS,523,-2,-,Lost in Qualification Roland Garros R2,535,5,,Fri May 29 22:39:00 2015
113,,Kristyna Pliskova,CZE,519,-2,-,Lost in Qualification Roland Garros R1,406,-21,,Fri May 29 22:39:00 2015
114,,Lourdes Dominguez Lino,ESP,509,-1,-,Qualification Roland Garros WLost in Roland Garros R64,594,13,,Fri May 29 22:39:00 2015
115,,Louisa Chirico,USA,507,-1,-,Lost in Roland Garros R128,505,3,,Fri May 29 22:39:00 2015
116,,Margarita Gasparyan,RUS,476,1,-,Qualification Roland Garros WLost in Roland Garros R128,506,5,,Fri May 29 22:39:00 2015
117,,Ying-Ying Duan,CHN,475,1,-,Lost in Qualification Roland Garros R1,476,3,,Fri May 29 22:39:00 2015
118,,Julia Glushko,ISR,472,-2,-,Lost in Qualification Roland Garros R1,344,-31,,Fri May 29 22:39:00 2015
119,,Shahar Peer,ISR,472,-,-,Lost in Qualification Roland Garros R3,492,6,,Fri May 29 22:39:00 2015
120,,Chanelle Scheepers,RSA,466,-,-,-,457,3,,Fri May 29 22:39:00 2015
121,,Kristina Kucova,SVK,461,-,-,Lost in Qualification Roland Garros R1,461,5,,Fri May 29 22:39:00 2015
122,,Shuai Zhang,CHN,457,4,-,Lost in Roland Garros R128,457,4,,Fri May 29 22:39:00 2015
123,,Richel Hogenkamp,NED,453,-1,-,Lost in Qualification Roland Garros R1,437,4,,Fri May 29 22:39:00 2015
124,,Olga Govortsova,BLR,439,-1,-,Lost in Qualification Roland Garros R1,431,1,,Fri May 29 22:39:00 2015
125,,Su-Wei Hsieh,TPE,437,4,-,Lost in Qualification Roland Garros R1,437,5,,Fri May 29 22:39:00 2015
126,,Michelle Larcher De Brito,POR,434,-2,-,Lost in Qualification Roland Garros R1,355,-20,,Fri May 29 22:39:00 2015
127,,Aliaksandra Sasnovich,BLR,431,-2,-,Lost in Qualification Roland Garros R1,383,-12,,Fri May 29 22:39:00 2015
128,,Alla Kudryavtseva,RUS,420,-1,-,Lost in Qualification Roland Garros R1,420,2,,Fri May 29 22:39:00 2015
129,,Ons Jabeur,TUN,420,-1,-,Lost in Qualification Roland Garros R2,435,7,,Fri May 29 22:39:00 2015
130,,Taylor Townsend,USA,419,-,-,Lost in Roland Garros R128,299,-39,,Fri May 29 22:39:00 2015
131,,Maria-Teresa Torro-Flor,ESP,417,1,-,Lost in Roland Garros R128,297,-41,,Fri May 29 22:39:00 2015
132,,Laura Siegemund,GER,417,1,-,Lost in Qualification Roland Garros R2,407,-1,,Fri May 29 22:39:00 2015
133,,Grace Min,USA,415,1,-,Lost in Qualification Roland Garros R2,395,-4,,Fri May 29 22:39:00 2015
134,,Sachia Vickery,USA,408,1,-,Lost in Qualification Roland Garros R1,408,2,,Fri May 29 22:39:00 2015
135,,Yafan Wang,CHN,407,1,-,Lost in Qualification Roland Garros R2,422,10,,Fri May 29 22:39:00 2015
136,,Anna Tatishvili,USA,405,-5,-,Lost in Qualification Roland Garros R2Lost in Qualification Grado R2,415,8,,Fri May 29 22:39:00 2015
137,,Vera Zvonareva,RUS,403,-,-,-,403,2,,Fri May 29 22:39:00 2015
138,,Kateryna Bondarenko,UKR,398,1,-,Lost in Qualification Roland Garros R3,423,14,,Fri May 29 22:39:00 2015
139,,Cagla Buyukakcay,TUR,396,1,-,Lost in Qualification Roland Garros R1,368,-3,,Fri May 29 22:39:00 2015
140,,Maryna Zanevska,UKR,396,1,-,Lost in Qualification Roland Garros R3Lost in Maribor R16,386,2,,Fri May 29 22:39:00 2015
141,,Luksika Kumkhum,THA,392,2,Xuzhou SF,-,411,11,,Fri May 29 22:39:00 2015
142,,Oceane Dodin,FRA,391,-4,-,Lost in Roland Garros R128,400,6,,Fri May 29 22:39:00 2015
143,,Johanna Konta,GBR,376,1,-,Qualification Roland Garros WLost in Roland Garros R128,363,-2,,Fri May 29 22:39:00 2015
144,,Sorana Cirstea,ROU,371,1,-,Lost in Qualification Roland Garros R3,271,-43,,Fri May 29 22:39:00 2015
145,,Dinah Pfizenmaier,GER,367,-3,-,Qualification Roland Garros WLost in Roland Garros R128,347,-2,,Fri May 29 22:39:00 2015
146,,Barbora Krejcikova,CZE,366,-,-,Lost in Qualification Roland Garros R2,373,6,,Fri May 29 22:39:00 2015
147,,Petra Cetkovska,CZE,365,-,-,Lost in Roland Garros R128,365,4,,Fri May 29 22:39:00 2015
148,,Misa Eguchi,JPN,365,-,-,Lost in Qualification Roland Garros R1,365,4,,Fri May 29 22:39:00 2015
149,,Alexandra Panova,RUS,362,-,-,Lost in Qualification Roland Garros R1,344,-1,,Fri May 29 22:39:00 2015
150,,Kimiko Date-Krumm,JPN,353,1,-,Lost in Qualification Roland Garros R1,345,2,,Fri May 29 22:39:00 2015
151,,Kai-Lin Zhang,CHN,348,3,-,Lost in Qualification Roland Garros R2,316,-13,,Fri May 29 22:39:00 2015
152,,Jelena Ostapenko,LAT,347,-,-,Lost in Qualification Roland Garros R1,343,1,,Fri May 29 22:39:00 2015
153,,Fangzhou Liu,CHN,345,-,-,Lost in Qualification Roland Garros R1Lost in Xuzhou R32,334,-1,,Fri May 29 22:39:00 2015
154,,Jie Zheng,CHN,344,-4,-,-,334,-1,,Fri May 29 22:39:00 2015
155,,Yuliya Beygelzimer,UKR,336,2,-,Lost in Qualification Roland Garros R1,298,-16,,Fri May 29 22:39:00 2015
156,,Sara Sorribes Tormo,ESP,336,-,-,Lost in Qualification Roland Garros R1,328,-3,,Fri May 29 22:39:00 2015
157,,Eri Hozumi,JPN,332,1,-,Lost in Qualification Roland Garros R1,314,-8,,Fri May 29 22:39:00 2015
158,,Petra Martic,CRO,330,-3,-,Qualification Roland Garros WLost in Roland Garros R128,370,17,,Fri May 29 22:39:00 2015
159,,Yi-Fan Xu,CHN,330,-,-,Lost in Qualification Roland Garros R1,302,-8,,Fri May 29 22:39:00 2015
160,,Paula Kania,POL,326,2,-,Qualification Roland Garros WLost in Roland Garros R64,413,31,,Fri May 29 22:39:00 2015
161,,Maria Irigoyen,ARG,326,-1,-,Lost in Grado R32,326,-,,Fri May 29 22:39:00 2015
162,,Katerina Stewart,USA,324,-1,-,Lost in Qualification Roland Garros R1,325,-,,Fri May 29 22:39:00 2015
163,,Nao Hibino,JPN,322,-,Changwon SF,-,331,6,,Fri May 29 22:39:00 2015
164,,Bethanie Mattek-Sands,USA,320,-,-,Lost in Roland Garros R128,330,6,,Fri May 29 22:39:00 2015
165,,Donna Vekic,CRO,317,-,-,Lost in Roland Garros R32,437,44,,Fri May 29 22:39:00 2015
166,,Beatriz Haddad Maia,BRA,314,1,-,Lost in Qualification Roland Garros R3Lost in Grado R16,339,13,,Fri May 29 22:39:00 2015
167,,Junri Namigata,JPN,311,1,-,Lost in Qualification Roland Garros R1Lost in Qualification Changwon R3,283,-15,,Fri May 29 22:39:00 2015
168,,Risa Ozaki,JPN,305,4,-,Lost in Qualification Roland Garros R1,299,-2,,Fri May 29 22:39:00 2015
169,,Catherine Bellis,USA,304,1,-,Lost in Qualification Roland Garros R1,306,3,,Fri May 29 22:39:00 2015
170,,Mandy Minella,LUX,302,-1,-,Lost in Caserta QF,301,2,,Fri May 29 22:39:00 2015
171,,Marina Melnikova,RUS,302,-,-,Lost in Qualification Roland Garros R1,296,-4,,Fri May 29 22:39:00 2015
172,,Paula Ormaechea,ARG,300,1,-,Lost in Qualification Roland Garros R1Lost in Grado R32,172,-74,,Fri May 29 22:39:00 2015
173,,Veronica Cepede Royg,PRY,300,1,-,Qualification Roland Garros WLost in Roland Garros R128,332,17,,Fri May 29 22:39:00 2015
174,,Hiroko Kuwata,JPN,300,1,-,Lost in Qualification Roland Garros R1,297,1,,Fri May 29 22:39:00 2015
175,,Romina Oprandi,SUI,298,27,-,Lost in Qualification Roland Garros R1,290,-4,,Fri May 29 22:39:00 2015
176,,Patricia Maria Tig,ROU,296,-,-,Lost in Qualification Roland Garros R2,297,2,,Fri May 29 22:39:00 2015
177,,Elitsa Kostova,BUL,292,-,-,Lost in Qualification Roland Garros R1,292,-1,,Fri May 29 22:39:00 2015
178,,Ana Bogdan,ROU,292,-,-,Lost in Qualification Roland Garros R1,285,-3,,Fri May 29 22:39:00 2015
179,,Gabriela Dabrowski,CAN,290,3,-,Lost in Qualification Roland Garros R2,290,-1,,Fri May 29 22:39:00 2015
180,,Nigina Abduraimova,UZB,290,-1,-,Lost in Qualification Roland Garros R1,274,-6,,Fri May 29 22:39:00 2015
181,,Melanie Oudin,USA,288,-1,-,-,247,-20,,Fri May 29 22:39:00 2015
182,,Virginie Razzano,FRA,283,69,-,Lost in Roland Garros R64,343,30,,Fri May 29 22:39:00 2015
183,,Alberta Brianti,ITA,282,-2,-,Lost in Qualification Roland Garros R2,279,-1,,Fri May 29 22:39:00 2015
184,,Zhaoxuan Yang,CHN,282,-1,-,-,271,-4,,Fri May 29 22:39:00 2015
185,,Anett Kontaveit,EST,280,7,-,Lost in Qualification Roland Garros R2,245,-17,,Fri May 29 22:39:00 2015
186,,Renata Voracova,CZE,278,7,-,Lost in Qualification Roland Garros R2,268,-4,,Fri May 29 22:39:00 2015
187,,Alexa Glatch,USA,278,-3,-,Qualification Roland Garros WLost in Roland Garros R128,327,27,,Fri May 29 22:39:00 2015
188,,Tereza Mrdeza,CRO,278,-3,-,Lost in Qualification Roland Garros R3,278,3,,Fri May 29 22:39:00 2015
189,,Ysaline Bonaventure,BEL,276,-3,-,Lost in Qualification Roland Garros R1,260,-7,,Fri May 29 22:39:00 2015
190,,Andrea Hlavackova,CZE,275,1,-,Qualification Roland Garros WLost in Roland Garros R128,323,27,,Fri May 29 22:39:00 2015
191,,Stephanie Vogt,LIE,275,-2,-,Lost in Qualification Roland Garros R1Lost in Grado R16,262,-4,,Fri May 29 22:39:00 2015
192,,Maria Sanchez,USA,275,-5,-,Lost in Qualification Roland Garros R2,294,16,,Fri May 29 22:39:00 2015
193,,Elise Mertens,BEL,273,-5,-,Lost in Moscow 2 R16,226,-19,,Fri May 29 22:39:00 2015
194,,Stephanie Foretz,FRA,269,-,-,Lost in Qualification Roland Garros R1,267,3,,Fri May 29 22:39:00 2015
195,,Anastasia Rodionova,AUS,267,-29,-,Lost in Qualification Roland Garros R3,294,18,,Fri May 29 22:39:00 2015
196,,Cindy Burger,NED,267,1,-,Lost in Moscow 2 R32,267,4,,Fri May 29 22:39:00 2015
197,,Naomi Osaka,JPN,267,4,-,-,266,4,,Fri May 29 22:39:00 2015
198,,Akgul Amanmuradova,UZB,265,-8,-,Lost in Qualification Roland Garros R1,217,-19,,Fri May 29 22:39:00 2015
199,,Tamira Paszek,AUT,261,-4,-,Lost in Qualification Roland Garros R3,181,-42,,Fri May 29 22:39:00 2015
200,,Olivia Rogowska,AUS,261,-4,-,Qualification Roland Garros WLost in Roland Garros R128,281,17,,Fri May 29 22:39:00 2015
201,,Patricia Mayr-Achleitner,AUT,258,-3,-,Lost in Qualification Roland Garros R1,250,1,,Fri May 29 22:39:00 2015
202,,Riko Sawayanagi,JPN,257,44,-,Lost in Changwon R16,252,3,,Fri May 29 22:39:00 2015
203,,Lesley Kerkhove,NED,256,-4,-,-,256,5,,Fri May 29 22:39:00 2015
204,,Varatchaya Wongteanchai,THA,255,2,-,-,245,1,,Fri May 29 22:39:00 2015
205,,Ekaterina Bychkova,RUS,253,-5,-,Lost in Qualification Roland Garros R2,264,11,,Fri May 29 22:39:00 2015
206,,Allie Kiick,USA,247,2,-,-,167,-45,,Fri May 29 22:39:00 2015
207,,Laura Pous-Tio,ESP,245,-2,-,Lost in Qualification Roland Garros R3,270,18,,Fri May 29 22:39:00 2015
208,,Anhelina Kalinina,UKR,245,-5,-,-,245,4,,Fri May 29 22:39:00 2015
209,,Julie Coin,FRA,245,-5,-,Lost in Qualification Roland Garros R2,260,12,,Fri May 29 22:39:00 2015
210,,Su Jeong Jang,KOR,244,24,-,Lost in Changwon R32,178,-32,,Fri May 29 22:39:00 2015
211,,Florencia Molinero,ARG,243,-1,-,-,234,3,,Fri May 29 22:39:00 2015
212,,Julia Boserup,USA,237,27,-,-,235,5,,Fri May 29 22:39:00 2015
213,,Anastasiya Vasylyeva,UKR,232,-1,-,Lost in Qualification Roland Garros R1Lost in Moscow 2 R16,169,-37,,Fri May 29 22:39:00 2015
214,,Bianca Botto,PER,230,-7,-,Lost in Qualification Roland Garros R1,214,-4,,Fri May 29 22:39:00 2015
215,,Jennifer Brady,USA,228,-6,-,-,228,5,,Fri May 29 22:39:00 2015
216,,Sabina Sharipova,UZB,228,-,-,-,213,-3,,Fri May 29 22:39:00 2015
217,,Katarzyna Piter,POL,226,-,Grado SF,-,234,8,,Fri May 29 22:39:00 2015
218,,Shuko Aoyama,JPN,226,-7,-,Lost in Qualification Roland Garros R1,227,7,,Fri May 29 22:39:00 2015
219,,Miharu Imanishi,JPN,226,-5,-,Lost in Changwon R32,226,6,,Fri May 29 22:39:00 2015
220,,Rebecca Peterson,SWE,226,5,Maribor SF,-,243,15,,Fri May 29 22:39:00 2015
221,,Mayo Hibi,JPN,220,-8,-,Lost in Karuizawa R16,223,6,,Fri May 29 22:39:00 2015
222,,Indy De Vroome,NED,216,-7,-,-,197,-11,,Fri May 29 22:39:00 2015
223,,Nadiia Kichenok,UKR,216,7,-,-,207,-1,,Fri May 29 22:39:00 2015
224,,Xinyun Han,CHN,215,2,Xuzhou SF,-,239,18,,Fri May 29 22:39:00 2015
225,,Marcela Zacarias,MEX,213,-7,-,-,211,4,,Fri May 29 22:39:00 2015
226,,Maria Kirilenko,RUS,211,-7,-,-,201,-2,,Fri May 29 22:39:00 2015
227,,Nastja Kolar,SLO,211,-6,-,Lost in Maribor R32,211,5,,Fri May 29 22:39:00 2015
228,,Mathilde Johansson,FRA,209,-4,-,Lost in Roland Garros R128,209,5,,Fri May 29 22:39:00 2015
229,,Ankita Raina,IND,209,-2,Xuzhou SF,-,200,-1,,Fri May 29 22:39:00 2015
230,,Yung-Jan Chan,TPE,201,-10,-,-,201,1,,Fri May 29 22:39:00 2015
231,,Ling Zhang,HKG,201,-3,-,Lost in Xuzhou R32,189,-6,,Fri May 29 22:39:00 2015
232,,Gioia Barbieri,ITA,200,-3,-,-,154,-35,,Fri May 29 22:39:00 2015
233,,Ana Vrljic,CRO,198,-2,-,Lost in Caserta R32,198,2,,Fri May 29 22:39:00 2015
234,,Aleksandra Wozniak,CAN,197,-1,-,-,157,-28,,Fri May 29 22:39:00 2015
235,,Tereza Martincova,CZE,197,-12,Grado SF,-,206,10,,Fri May 29 22:39:00 2015
236,,Lyudmyla Kichenok,UKR,195,-1,-,-,194,1,,Fri May 29 22:39:00 2015
237,,Arantxa Rus,NED,195,-,Qualification Brescia R1,-,167,-15,,Fri May 29 22:39:00 2015
238,,Naomi Broady,GBR,194,-2,-,Lost in Qualification Roland Garros R2,204,12,,Fri May 29 22:39:00 2015
239,,Maria Sakkari,GRE,191,-7,Maribor SF,-,204,12,,Fri May 29 22:39:00 2015
240,,Na-Lae Han,KOR,190,8,-,Lost in Changwon QF,198,8,,Fri May 29 22:39:00 2015
241,,Viktorija Golubic,SUI,188,-3,-,Lost in Caserta R32Lost in Grado QF,195,7,,Fri May 29 22:39:00 2015
242,,Samantha Crawford,USA,187,21,-,-,161,-17,,Fri May 29 22:39:00 2015
243,,Sofia Shapatava,GEO,186,-3,Qualification Brescia R1,Lost in Caserta R16Lost in Grado QF,155,-22,,Fri May 29 22:39:00 2015
244,,Jovana Jaksic,SRB,186,-3,-,Lost in Qualification Roland Garros R1Lost in Maribor R16,182,4,,Fri May 29 22:39:00 2015
245,,Katerina Vankova,CZE,186,-3,-,Lost in Maribor QF,190,9,,Fri May 29 22:39:00 2015
246,,Kai-Chen Chang,TPE,184,11,Xuzhou SF,-,213,26,,Fri May 29 22:39:00 2015
247,,Francoise Abanda,CAN,184,-4,-,Lost in Grado R32,167,-6,,Fri May 29 22:39:00 2015
248,,Vesna Dolonc,SRB,182,-4,-,-,143,-33,,Fri May 29 22:39:00 2015
249,,Vania King,USA,180,-27,-,-,170,1,,Fri May 29 22:39:00 2015
250,,Asia Muhammad,USA,180,8,-,-,176,6,,Fri May 29 22:39:00 2015
251,,Gabriela Ce,BRA,180,-6,Qualification Brescia R1,-,176,6,,Fri May 29 22:39:00 2015
252,,Paula Cristina Goncalves,BRA,178,-5,-,-,178,9,,Fri May 29 22:39:00 2015
253,,Ksenia Pervak,RUS,175,-4,-,-,135,-41,,Fri May 29 22:39:00 2015
254,,Ipek Soylu,TUR,175,-,Qualification Brescia R1,Lost in Caserta F,189,16,,Fri May 29 22:39:00 2015
255,,Tamarine Tanasugarn,THA,172,-3,-,-,172,8,,Fri May 29 22:39:00 2015
256,,Yuxuan Zhang,CHN,172,108,-,-,164,-2,,Fri May 29 22:39:00 2015
257,,Reka-Luca Jani,HUN,172,-4,-,Lost in Caserta SF,187,18,,Fri May 29 22:39:00 2015
258,,Olga Savchuk,UKR,170,-3,-,-,146,-18,,Fri May 29 22:39:00 2015
259,,Daria Kasatkina,RUS,170,-3,-,Caserta WLost in Moscow 2 R16,225,45,,Fri May 29 22:39:00 2015
260,,Victoria Duval,USA,168,-1,-,-,165,3,,Fri May 29 22:39:00 2015
261,,Susanne Celik,SWE,168,-1,-,-,153,-7,,Fri May 29 22:39:00 2015
262,,Lauren Embree,USA,167,-,-,-,167,8,,Fri May 29 22:39:00 2015
263,,Pemra Ozgen,TUR,166,-13,-,Lost in Moscow 2 R16,170,14,,Fri May 29 22:39:00 2015
264,,Irina Ramialison,FRA,164,-,-,-,134,-33,,Fri May 29 22:39:00 2015
265,,Xenia Knoll,SUI,164,-,-,-,130,-34,,Fri May 29 22:39:00 2015
266,,Jana Fett,CRO,163,1,-,Lost in Maribor R16,166,10,,Fri May 29 22:39:00 2015
267,,Ivana Jorovic,SRB,162,-1,-,-,152,-2,,Fri May 29 22:39:00 2015
268,,Caitlin Whoriskey,USA,161,-,-,-,147,-6,,Fri May 29 22:39:00 2015
269,,Dalila Jakupovic,SLO,161,5,-,-,157,6,,Fri May 29 22:39:00 2015
270,,Paula Badosa Gibert,ESP,160,-1,-,-,160,10,,Fri May 29 22:39:00 2015
271,,Arina Rodionova,AUS,159,8,-,-,128,-34,,Fri May 29 22:39:00 2015
272,,Amandine Hesse,FRA,158,-11,-,Lost in Roland Garros R64,218,56,,Fri May 29 22:39:00 2015
273,,Irina Khromacheva,RUS,158,-3,-,Lost in Moscow 2 R32,158,12,,Fri May 29 22:39:00 2015
274,,Anastasija Sevastova,LAT,157,33,-,-,157,10,,Fri May 29 22:39:00 2015
275,,Anne Schaefer,GER,157,-3,Grado SF,-,167,20,,Fri May 29 22:39:00 2015
276,,Manon Arcangioli,FRA,155,-1,-,Lost in Roland Garros R128,152,6,,Fri May 29 22:39:00 2015
277,,Olga Ianchuk,UKR,155,-1,-,Lost in Moscow 2 R32,152,6,,Fri May 29 22:39:00 2015
278,,Marta Sirotkina,RUS,152,-,-,-,137,-10,,Fri May 29 22:39:00 2015
279,,Alize Lim,FRA,151,6,-,Lost in Roland Garros R128,151,7,,Fri May 29 22:39:00 2015
280,,Chieh-Yu Hsu,TPE,151,6,-,Lost in Bhopal QFLost in Bangkok 4 SF,138,-7,,Fri May 29 22:39:00 2015
281,,Sanaz Marand,USA,148,-1,-,-,144,1,,Fri May 29 22:39:00 2015
282,,Myrtille Georges,FRA,147,-5,Qualification Brescia R1,Lost in Qualification Roland Garros R1Lost in Grado R32,129,-20,,Fri May 29 22:39:00 2015
283,,Jessica Moore,AUS,145,4,-,-,124,-26,,Fri May 29 22:39:00 2015
284,,Quirine Lemoine,NED,145,-2,-,Lost in Caserta R32,145,6,,Fri May 29 22:39:00 2015
285,,Katy Dunne,GBR,144,-2,-,Lost in Karuizawa R32,135,-10,,Fri May 29 22:39:00 2015
286,,Chang Liu,CHN,144,66,-,-,135,-10,,Fri May 29 22:39:00 2015
287,,Ana Sofia Sanchez,MEX,144,-6,Qualification Brescia R1,-,137,-2,,Fri May 29 22:39:00 2015
288,,Nicole Vaidisova,CZE,143,-4,-,-,143,6,,Fri May 29 22:39:00 2015
289,,Montserrat Gonzalez,PRY,143,-16,-,Lost in Caserta R32Lost in Grado R16,130,-11,,Fri May 29 22:39:00 2015
290,,Anastasia Pivovarova,RUS,141,16,-,Lost in Xuzhou R32,129,-13,,Fri May 29 22:39:00 2015
291,,Elizaveta Ianchuk,UKR,141,-3,-,Lost in Moscow 2 R16,142,7,,Fri May 29 22:39:00 2015
292,,Nina Stojanovic,SRB,140,-2,-,Lost in Xuzhou R16,147,17,,Fri May 29 22:39:00 2015
293,,Carol Zhao,CAN,139,-4,-,-,139,7,,Fri May 29 22:39:00 2015
294,,Aleksandrina Naydenova,BUL,137,6,-,-,137,4,,Fri May 29 22:39:00 2015
295,,Edina Gallovits-Hall,USA,136,-4,-,-,136,4,,Fri May 29 22:39:00 2015
296,,Giulia Gatto-Monticone,ITA,136,2,Qualification Brescia R1,Lost in Caserta R32Lost in Maribor QF,140,11,,Fri May 29 22:39:00 2015
297,,Rebecca Sramkova,SVK,136,-4,-,Lost in Caserta R32,136,5,,Fri May 29 22:39:00 2015
298,,Ema Mikulcic,CRO,136,-4,Maribor SF,-,150,25,,Fri May 29 22:39:00 2015
299,,Sofia Arvidsson,SWE,135,-4,-,-,110,-33,,Fri May 29 22:39:00 2015
300,,Miyabi Inoue,JPN,135,3,-,Lost in Balikpapan R16,116,-20,,Fri May 29 22:39:00 2015
301,,Irena Pavlovic,FRA,133,-5,-,-,113,-24,,Fri May 29 22:39:00 2015
302,,Barbara Haas,AUT,131,-3,-,Lost in Maribor R32,125,-5,,Fri May 29 22:39:00 2015
303,,Bernarda Pera,USA,130,-6,-,-,130,2,,Fri May 29 22:39:00 2015
304,,Victoria Rodriguez,MEX,129,-3,-,-,129,-,,Fri May 29 22:39:00 2015
305,,Conny Perrin,SUI,129,-3,-,Lost in Caserta R16Lost in Maribor R16,133,7,,Fri May 29 22:39:00 2015
306,,Claire Feuerstein,FRA,127,-35,-,-,57,-155,,Fri May 29 22:39:00 2015
307,,Emily Webley-Smith,GBR,127,-3,-,Lost in Changwon R32,127,1,,Fri May 29 22:39:00 2015
308,,Constance Sibille,FRA,127,12,-,-,122,-3,,Fri May 29 22:39:00 2015
309,,Klaartje Liebens,BEL,125,-1,-,Lost in Caserta R32Lost in Maribor R32,125,1,,Fri May 29 22:39:00 2015
310,,Andrea Gamiz,VEN,123,1,Qualification Brescia R1,Lost in Grado R16,78,-87,,Fri May 29 22:39:00 2015
311,,Jia-Jing Lu,CHN,123,1,Balikpapan SF,-,136,18,,Fri May 29 22:39:00 2015
312,,Chanel Simmonds,RSA,122,1,-,Lost in Antalya 20 QF,121,-1,,Fri May 29 22:39:00 2015
313,,Veronika Kapshay,UKR,122,1,-,-,93,-46,,Fri May 29 22:39:00 2015
314,,Clothilde De Bernardi,FRA,122,1,-,Lost in Qualification Roland Garros R3,145,35,,Fri May 29 22:39:00 2015
315,,Amanda Carreras,GBR,121,1,Qualification Brescia R1,Lost in Qualification Grado R2,121,1,,Fri May 29 22:39:00 2015
316,,Nina Zander,GER,119,-24,-,Lost in Maribor R16,119,-,,Fri May 29 22:39:00 2015
317,,Polina Vinogradova,RUS,118,-12,Moscow 2 F,-,146,40,,Fri May 29 22:39:00 2015
318,,Valentyna Ivakhnenko,RUS,117,-,-,Lost in Moscow 2 QF,121,3,,Fri May 29 22:39:00 2015
319,,Ekaterina Alexandrova,RUS,116,2,-,Lost in Maribor R16,111,-10,,Fri May 29 22:39:00 2015
320,,Pernilla Mendesova,CZE,116,2,-,Lost in Szczawno Zdroj R32Lost in Maribor R32,105,-20,,Fri May 29 22:39:00 2015
321,,Sharon Fichman,CAN,115,-2,-,Lost in Grado R16,89,-49,,Fri May 29 22:39:00 2015
322,,Tadeja Majeric,SLO,115,1,-,Lost in Maribor R16,118,5,,Fri May 29 22:39:00 2015
323,,Sofiya Kovalets,UKR,115,1,-,Lost in Caserta R32,111,-7,,Fri May 29 22:39:00 2015
324,,Alexandra Cadantu,ROU,114,1,-,Lost in Caserta QFLost in Maribor R32,113,-2,,Fri May 29 22:39:00 2015
325,,Fiona Ferro,FRA,114,1,-,Lost in Roland Garros R128,114,2,,Fri May 29 22:39:00 2015
326,,Victoria Kan,RUS,113,1,-,Lost in Qualification Roland Garros R2Qualification Maribor WLost in Maribor QF,143,43,,Fri May 29 22:39:00 2015
327,,Lara Michel,SUI,112,-17,Qualification Brescia R1,Lost in Maribor R32,94,-28,,Fri May 29 22:39:00 2015
328,,Fernanda Brito,CHI,111,2,-,-,104,-13,,Fri May 29 22:39:00 2015
329,,Diana Marcinkevica,LAT,109,-12,-,Lost in Grado R32,108,-4,,Fri May 29 22:39:00 2015
330,,Barbora Stefkova,CZE,109,1,-,-,87,-49,,Fri May 29 22:39:00 2015
331,,Martina Caregaro,ITA,109,8,-,Lost in Grado QF,117,13,,Fri May 29 22:39:00 2015
332,,Alyona Sotnikova,UKR,108,-,-,Lost in Moscow 2 QF,116,11,,Fri May 29 22:39:00 2015
333,,Antonia Lottner,GER,107,1,-,Lost in Grado R16,111,2,,Fri May 29 22:39:00 2015
334,,Valeria Savinykh,RUS,107,1,-,-,107,-1,,Fri May 29 22:39:00 2015
335,,Ekaterine Gorgodze,GEO,107,1,Qualification Brescia R1,Lost in Caserta QFLost in Maribor QF,112,7,,Fri May 29 22:39:00 2015
336,,Petra Rampre,SLO,106,9,-,-,106,-1,,Fri May 29 22:39:00 2015
337,,Natela Dzalamidze,RUS,106,-8,-,Lost in Moscow 2 SF,123,27,,Fri May 29 22:39:00 2015
338,,Veronika Kudermetova,RUS,105,-1,-,Lost in Caserta R16Lost in Moscow 2 R32,106,-,,Fri May 29 22:39:00 2015
339,,Pia Konig,AUT,105,-1,-,Lost in Moscow 2 R16,106,-,,Fri May 29 22:39:00 2015
340,,Adrijana Lekaj,CRO,105,-,-,Qualification Caserta WLost in Caserta QFQualification Maribor W,Lost in Maribor R32,113,,Fri May 29 22:39:00 2015
341,,Olga Saez Larra,ESP,104,-8,-,Qualification Caserta WLost in Caserta R16Lost in Grado QF,101,-6,,Fri May 29 22:39:00 2015
342,,Jasmine Paolini,ITA,104,-1,-,Lost in Caserta R16,108,8,,Fri May 29 22:39:00 2015
343,,Sandra Zaniewska,POL,104,-1,-,-,104,1,,Fri May 29 22:39:00 2015
344,,Chloe Paquet,FRA,103,42,-,Lost in Qualification Roland Garros R2,122,32,,Fri May 29 22:39:00 2015
345,,Zuzana Zlochova,SVK,103,13,-,Lost in Changwon R32,99,-4,,Fri May 29 22:39:00 2015
346,,Valeriya Strakhova,UKR,103,-3,-,-,103,3,,Fri May 29 22:39:00 2015
347,,Justyna Jegiolka,POL,102,-3,-,-,96,-5,,Fri May 29 22:39:00 2015
348,,Martina Borecka,CZE,101,-1,-,Szczawno Zdroj W,107,12,,Fri May 29 22:39:00 2015
349,,Iva Mekovec,CRO,101,-1,-,Lost in Qualification Maribor R3,101,1,,Fri May 29 22:39:00 2015
350,,Vojislava Lukic,SRB,99,-,-,Lost in Changwon R16,102,5,,Fri May 29 22:39:00 2015
351,,Natalia Vikhlyantseva,RUS,98,-,Qualification Brescia R1,Lost in Moscow 2 R32,99,1,,Fri May 29 22:39:00 2015
352,,Dia Evtimova,BUL,98,-24,-,Lost in Caserta R32Lost in Grado R32,81,-37,,Fri May 29 22:39:00 2015
353,,Ya-Hsuan Lee,TPE,97,19,Changwon SF,-,114,29,,Fri May 29 22:39:00 2015
354,,Ching-Wen Hsu,TPE,97,30,-,-,89,-17,,Fri May 29 22:39:00 2015
355,,Elena Bogdan,ROU,96,-2,-,Lost in Qualification Eastbourne R2,93,-5,,Fri May 29 22:39:00 2015
356,,Alison Bai,AUS,96,-1,Qualification Eastbourne R2,Lost in Xuzhou R32,96,3,,Fri May 29 22:39:00 2015
357,,Heidi El Tabakh,CAN,95,5,Qualification Brescia R1,Lost in Qualification Roland Garros R1Lost in Maribor R32,93,-4,,Fri May 29 22:39:00 2015
358,,Erika Sema,JPN,95,20,-,Lost in Balikpapan QF,102,12,,Fri May 29 22:39:00 2015
359,,Ilona Kremen,BLR,95,-5,-,-,90,-9,,Fri May 29 22:39:00 2015
360,,Gaia Sanesi,ITA,95,-3,-,Lost in Qualification Caserta R1,94,4,,Fri May 29 22:39:00 2015
361,,Viktoriya Tomova,BUL,95,-15,-,Lost in Bol 4 R16,71,-58,,Fri May 29 22:39:00 2015
362,,Yvonne Cavalle-Reimers,ESP,95,-3,Qualification Brescia R1,Lost in Qualification Grado R2,92,-,,Fri May 29 22:39:00 2015
363,,Nadia Podoroska,ARG,95,10,-,Qualification Caserta WLost in Caserta R32Qualification Grado W,Lost in Grado R32,85,,Fri May 29 22:39:00 2015
364,,Ayaka Okuno,JPN,95,-4,Balikpapan SF,Lost in Karuizawa R16,116,42,,Fri May 29 22:39:00 2015
365,,Margarita Lazareva,RUS,95,-4,-,Lost in Szczawno Zdroj R32Lost in Moscow 2 R32,80,-26,,Fri May 29 22:39:00 2015
366,,Anna Morgina,RUS,94,-3,-,Lost in Karuizawa R32Lost in Changwon R16,97,15,,Fri May 29 22:39:00 2015
367,,Andrea Koch-Benvenuto,CHI,93,-11,-,-,92,4,,Fri May 29 22:39:00 2015
368,,Sofia Kvatsabaia,GEO,93,2,Qualification Brescia R1,Lost in Qualification Maribor R3,89,-4,,Fri May 29 22:39:00 2015
369,,Miyu Kato,JPN,92,-3,Balikpapan SF,Karuizawa W,155,103,,Fri May 29 22:39:00 2015
370,,Ellen Allgurin,SWE,92,-3,-,-,92,6,,Fri May 29 22:39:00 2015
371,,Lucia Cervera-Vazquez,ESP,92,-6,-,Qualification Caserta WLost in Caserta R32Qualification Grado W,Lost in Grado R32,89,,Fri May 29 22:39:00 2015
372,,Deniz Khazaniuk,ISR,92,26,-,Netanya W,103,28,,Fri May 29 22:39:00 2015
373,,Sherazad Reix,FRA,92,-5,-,-,92,8,,Fri May 29 22:39:00 2015
374,,Petra Krejsova,CZE,91,-3,-,Qualification Maribor WLost in Maribor R32,92,8,,Fri May 29 22:39:00 2015
375,,Anastasia Grymalska,ITA,89,13,Qualification Brescia R1,-,85,-8,,Fri May 29 22:39:00 2015
376,,Yan Wang,CHN,89,-2,-,-,83,-10,,Fri May 29 22:39:00 2015
377,,Ana Savic,CRO,89,-2,-,-,79,-16,,Fri May 29 22:39:00 2015
378,,Gabriela Pantuckova,CZE,89,7,-,-,89,4,,Fri May 29 22:39:00 2015
379,,Despina Papamichail,GRE,89,-3,Sharm El Sheikh 17 SF,Lost in Velenje QF,89,4,,Fri May 29 22:39:00 2015
380,,Silvia Njiric,CRO,89,-3,-,Lost in Velenje SFLost in Moscow 2 R32,89,4,,Fri May 29 22:39:00 2015
381,,Nudnida Luangnam,THA,88,-2,-,Lost in Balikpapan QF,87,1,,Fri May 29 22:39:00 2015
382,,Victoria Bosio,ARG,88,-2,-,-,74,-25,,Fri May 29 22:39:00 2015
383,,Jessica Pegula,USA,87,-2,-,Lost in Qualification Roland Garros R3,117,64,,Fri May 29 22:39:00 2015
384,,Lina Gjorcheska,MKD,87,12,-,Lost in Bol 4 F,80,-8,,Fri May 29 22:39:00 2015
385,,Nuria Parrizas Diaz,ESP,86,-16,-,-,83,-2,,Fri May 29 22:39:00 2015
386,,Danielle Lao,USA,85,22,-,Lost in Xuzhou R16,88,8,,Fri May 29 22:39:00 2015
387,,Naomi Cavaday,GBR,85,-,-,Lost in Sharm El Sheikh 16 F,92,20,,Fri May 29 22:39:00 2015
388,,Laura Pigossi,BRA,84,1,-,-,60,-64,,Fri May 29 22:39:00 2015
389,,Irina Maria Bara,ROU,84,2,Antalya 20 SF,Lost in Antalya 19 SF,90,20,,Fri May 29 22:39:00 2015
390,,Isabella Shinikova,BUL,84,-7,-,Qualification Caserta WLost in Caserta SF,83,2,,Fri May 29 22:39:00 2015
391,,Lou Brouleau,FRA,83,2,-,Lost in Qualification Roland Garros R1,78,-7,,Fri May 29 22:39:00 2015
392,,Harriet Dart,GBR,83,-2,-,Lost in Karuizawa R16Lost in Balikpapan QF,94,35,,Fri May 29 22:39:00 2015
393,,Kathinka Von Deichmann,LIE,83,-1,-,Lost in Qualification Caserta R2Lost in Qualification Grado R1,71,-27,,Fri May 29 22:39:00 2015
394,,Lisa-Maria Moser,AUT,82,-,-,Lost in Velenje R16Lost in Qualification Maribor R3,78,-5,,Fri May 29 22:39:00 2015
395,,Cristina Dinu,ROU,82,-,-,Lost in Qualification Caserta R2Qualification Grado WLost in Grado R32,84,11,,Fri May 29 22:39:00 2015
396,,Tena Lukas,CRO,82,3,Bol 5 F,Lost in Bol 4 SF,76,-4,,Fri May 29 22:39:00 2015
397,,Ashleigh Barty,AUS,81,-48,-,-,71,-24,,Fri May 29 22:39:00 2015
398,,Katarzyna Kawa,POL,81,-1,-,Lost in Szczawno Zdroj QFLost in Moscow 2 QF,87,17,,Fri May 29 22:39:00 2015
399,,Mi Yoo,KOR,80,2,-,-,71,-23,,Fri May 29 22:39:00 2015
400,,Michaella Krajicek,NED,79,2,-,-,79,6,,Fri May 29 22:39:00 2015
401,,Tara Moore,GBR,79,2,Qualification Eastbourne R2,Lost in Qualification Caserta R1,62,-47,,Fri May 29 22:39:00 2015
402,,Akiko Omae,JPN,79,4,Balikpapan SF,-,96,48,,Fri May 29 22:39:00 2015
403,,Alexa Guarachi,USA,79,22,-,-,79,8,,Fri May 29 22:39:00 2015
404,,Monique Adamczak,AUS,78,-,-,-,69,-25,,Fri May 29 22:39:00 2015
405,,Jesika Maleckova,CZE,78,-,-,Lost in Szczawno Zdroj F,84,20,,Fri May 29 22:39:00 2015
406,,Beatriz Garcia Vidagany,ESP,77,-97,-,-,72,-9,,Fri May 29 22:39:00 2015
407,,Marina Shamayko,RUS,77,-,Qualification Brescia R1,Qualification Grado WLost in Grado R32,73,-3,,Fri May 29 22:39:00 2015
408,,Harmony Tan,FRA,77,1,-,Lost in Qualification Roland Garros R1,79,12,,Fri May 29 22:39:00 2015
409,,Jan Abaza,USA,77,8,-,-,75,5,,Fri May 29 22:39:00 2015
410,,Guadalupe Perez Rojas,ARG,77,-,-,-,68,-21,,Fri May 29 22:39:00 2015
411,,Alice Savoretti,ITA,76,8,-,Lost in Qualification Grado R2,76,10,,Fri May 29 22:39:00 2015
412,,Valeria Solovyeva,RUS,75,-1,-,-,70,-13,,Fri May 29 22:39:00 2015
413,,Melis Sezer,TUR,75,15,-,Lost in Antalya 19 QF,67,-23,,Fri May 29 22:39:00 2015
414,,Anastasia Pribylova,RUS,75,-32,-,Lost in Velenje R32Lost in Qualification Maribor R2,73,3,,Fri May 29 22:39:00 2015
415,,Marie Benoit,BEL,75,-2,-,-,75,10,,Fri May 29 22:39:00 2015
416,,Katie Boulter,GBR,74,-2,-,-,73,4,,Fri May 29 22:39:00 2015
417,,Tornado Alicia Black,USA,73,-2,-,-,73,4,,Fri May 29 22:39:00 2015
418,,Magdalena Frech,POL,73,-6,-,Lost in Szczawno Zdroj QF,74,10,,Fri May 29 22:39:00 2015
419,,Lauren Albanese,USA,73,13,-,-,73,5,,Fri May 29 22:39:00 2015
420,,Alexandra Nancarrow,AUS,73,-4,-,Lost in Qualification Caserta R1Lost in Qualification Maribor R2,68,-12,,Fri May 29 22:39:00 2015
421,,Noppawan Lertcheewakarn,THA,72,1,-,Lost in Xuzhou R16,75,15,,Fri May 29 22:39:00 2015
422,,Alexandra Stevenson,USA,72,-4,-,-,72,6,,Fri May 29 22:39:00 2015
423,,Melinda Czink,HUN,71,-2,-,-,70,-3,,Fri May 29 22:39:00 2015
424,,Mari Tanaka,JPN,71,-1,-,-,52,-59,,Fri May 29 22:39:00 2015
425,,Mihaela Buzarnescu,ROU,71,-1,-,-,71,2,,Fri May 29 22:39:00 2015
426,,Diana Buzean,ROU,71,-6,-,-,71,2,,Fri May 29 22:39:00 2015
427,,Naomi Totka,HUN,71,6,-,Lost in Netanya QFLost in Balikpapan R16,74,18,,Fri May 29 22:39:00 2015
428,,Doroteja Eric,SRB,70,-1,Maribor SF,Lost in Velenje QFQualification Maribor W,89,51,,Fri May 29 22:39:00 2015
429,,Amy Bowtell,IRL,70,2,-,-,62,-20,,Fri May 29 22:39:00 2015
430,,Polina Leykina,RUS,70,-30,-,Lost in Moscow 2 R32,70,3,,Fri May 29 22:39:00 2015
431,,Melanie Klaffner,AUT,69,-5,-,-,67,-6,,Fri May 29 22:39:00 2015
432,,Julia Terziyska,BUL,69,38,-,Sharm El Sheikh 16 W,81,42,,Fri May 29 22:39:00 2015
433,,Francesca Segarelli,DOM,68,-3,-,-,68,-,,Fri May 29 22:39:00 2015
434,,Alice Matteucci,ITA,68,-5,Sharm El Sheikh 17 SF,Lost in Qualification Caserta R2,72,17,,Fri May 29 22:39:00 2015
435,,Melanie Stokke,NOR,68,2,-,Lost in Qualification Moscow 2 R1,68,1,,Fri May 29 22:39:00 2015
436,,Ayumi Morita,JPN,67,-2,-,-,37,-132,,Fri May 29 22:39:00 2015
437,,Polina Monova,RUS,67,-2,-,Lost in Moscow 2 R32,60,-16,,Fri May 29 22:39:00 2015
438,,Dalma Galfi,HUN,67,-2,-,-,67,-,,Fri May 29 22:39:00 2015
439,,Anna Klasen,GER,67,-1,-,Lost in Velenje QFLost in Qualification Maribor R2,68,4,,Fri May 29 22:39:00 2015
440,,Cristina Ene,ROU,66,-,-,Lost in Sibiu R32Lost in Galati R16,67,1,,Fri May 29 22:39:00 2015
441,,Tamara Korpatsch,GER,66,-,Qualification Brescia R1,-,66,-,,Fri May 29 22:39:00 2015
442,,Ksenia Palkina,KGZ,66,36,-,Lost in Qualification Moscow 2 R2,66,-,,Fri May 29 22:39:00 2015
443,,Dea Herdzelas,BIH,66,-1,-,-,65,-3,,Fri May 29 22:39:00 2015
444,,Sviatlana Pirazhenka,BLR,66,-5,-,-,66,1,,Fri May 29 22:39:00 2015
445,,Makoto Ninomiya,JPN,65,-2,-,Lost in Karuizawa FLost in Changwon R32,94,87,,Fri May 29 22:39:00 2015
446,,Mana Ayukawa,JPN,65,-1,-,Lost in Karuizawa QFLost in Changwon QF,70,18,,Fri May 29 22:39:00 2015
447,,Corinna Dentoni,ITA,64,-1,-,Lost in Qualification Grado R2,64,-,,Fri May 29 22:39:00 2015
448,,Yuuki Tanaka,JPN,64,-1,-,Lost in Karuizawa QF,69,18,,Fri May 29 22:39:00 2015
449,,Tori Kinard,USA,63,-1,-,Lost in Changwon R32,59,-6,,Fri May 29 22:39:00 2015
450,,Katerina Kramperova,CZE,63,-,-,Lost in Velenje SFLost in Qualification Maribor R3,66,6,,Fri May 29 22:39:00 2015
451,,Nadja Gilchrist,USA,63,20,-,-,55,-21,,Fri May 29 22:39:00 2015
452,,Nicoleta Dascalu,ROU,63,3,-,Lost in Sibiu SF,56,-14,,Fri May 29 22:39:00 2015
453,,Elena-Teodora Cadar,ROU,63,7,-,Lost in Sharm El Sheikh 16 SFLost in Sharm El Sheikh 17 R16,51,-34,,Fri May 29 22:39:00 2015
454,,Fatma Al Nabhani,OMA,62,-3,-,-,43,-74,,Fri May 29 22:39:00 2015
455,,Nicha Lertpitaksinchai,THA,62,-3,-,Bangkok 3 WLost in Balikpapan R32,66,10,,Fri May 29 22:39:00 2015
456,,Storm Sanders,AUS,61,-3,-,-,59,-,,Fri May 29 22:39:00 2015
457,,Peangtarn Plipuech,THA,61,-3,-,Lost in Bangkok 3 F,58,-,,Fri May 29 22:39:00 2015
458,,Hyun Hui Hong,KOR,61,-1,-,Lost in Changwon R32,11,-329,,Fri May 29 22:39:00 2015
459,,Anna Remondina,ITA,61,-,-,Lost in Galati SF,56,-8,,Fri May 29 22:39:00 2015
460,,Ola Abou Zekry,EGY,61,-4,Sharm El Sheikh 17 SF,Lost in Sharm El Sheikh 16 R32,56,-8,,Fri May 29 22:39:00 2015
461,,Chantal Skamlova,SVK,60,-12,-,-,48,-35,,Fri May 29 22:39:00 2015
462,,Claudia Giovine,ITA,60,-4,Qualification Brescia R1,Lost in Caserta R16,55,-11,,Fri May 29 22:39:00 2015
463,,Eva Birnerova,CZE,59,-2,-,-,43,-66,,Fri May 29 22:39:00 2015
464,,Martina Trevisan,ITA,59,45,Qualification Brescia R1,Lost in Caserta R32,58,6,,Fri May 29 22:39:00 2015
465,,Kristie Ahn,USA,58,61,Changwon SF,-,76,63,,Fri May 29 22:39:00 2015
466,,Marianna Zakarlyuk,UKR,58,-2,-,Lost in Karuizawa R16,56,-3,,Fri May 29 22:39:00 2015
467,,Julia Stamatova,BUL,58,-1,-,Lost in Qualification Maribor R2,54,-10,,Fri May 29 22:39:00 2015
468,,Estrella Cabeza Candela,ESP,57,-1,-,Lost in Qualification Caserta R2Qualification Maribor WLost in Maribor R32,48,-29,,Fri May 29 22:39:00 2015
469,,Eleni Daniilidou,GRE,57,-1,Qualification Eastbourne R2,Lost in Qualification Maribor R1,31,-151,,Fri May 29 22:39:00 2015
470,,Ksenia Lykina,RUS,57,-1,-,Lost in Changwon R32,57,8,,Fri May 29 22:39:00 2015
471,,Kyoka Okamura,JPN,57,24,-,Lost in Changwon R16,61,20,,Fri May 29 22:39:00 2015
472,,Cristina Sanchez-Quintanar,ESP,57,24,-,-,57,9,,Fri May 29 22:39:00 2015
473,,Georgina Garcia Perez,ESP,57,47,Qualification Eastbourne R2,-,57,9,,Fri May 29 22:39:00 2015
474,,Valeria Prosperi,ITA,57,16,Qualification Brescia R1,Lost in Grado R16,60,20,,Fri May 29 22:39:00 2015
475,,Marie Bouzkova,CZE,56,-2,-,Lost in Xuzhou R32,57,10,,Fri May 29 22:39:00 2015
476,,Hilda Melander,SWE,56,-13,-,-,56,6,,Fri May 29 22:39:00 2015
477,,Georgia Brescia,ITA,56,-5,-,Lost in Caserta R16Lost in Grado R32,62,27,,Fri May 29 22:39:00 2015
478,,Miki Miyamura,JPN,55,-4,-,Lost in Karuizawa SF,72,60,,Fri May 29 22:39:00 2015
479,,Eduarda Piai,BRA,55,-4,-,-,55,5,,Fri May 29 22:39:00 2015
480,,Ekaterina Yashina,RUS,55,-4,-,-,47,-24,,Fri May 29 22:39:00 2015
481,,Petra Uberalova,SVK,55,-4,-,Lost in Qualification Caserta R2Lost in Qualification Grado R2,53,2,,Fri May 29 22:39:00 2015
482,,Valentini Grammatikopoulou,GRE,55,-3,-,-,55,7,,Fri May 29 22:39:00 2015
483,,Daiana Negreanu,ROU,55,-21,-,-,48,-15,,Fri May 29 22:39:00 2015
484,,Yuliana Lizarazo,COL,53,-40,-,-,47,-21,,Fri May 29 22:39:00 2015
485,,Tess Sugnaux,SUI,53,-20,-,Lost in Qualification Caserta R2Qualification Grado WLost in Grado R32,54,7,,Fri May 29 22:39:00 2015
486,,Chiaki Okadaue,JPN,52,-3,-,Lost in Karuizawa R32,39,-62,,Fri May 29 22:39:00 2015
487,,Ana Paula Neffa De Los Rios,PRY,52,-,-,-,52,3,,Fri May 29 22:39:00 2015
488,,Jing-Jing Lu,CHN,52,216,-,Lost in Xuzhou QF,67,48,,Fri May 29 22:39:00 2015
489,,Ashley Weinhold,USA,52,-5,-,-,22,-216,,Fri May 29 22:39:00 2015
490,,Mai Minokoshi,JPN,52,-5,-,Lost in Karuizawa R16,52,5,,Fri May 29 22:39:00 2015
491,,Ran Tian,CHN,51,1,-,Lost in Xuzhou R32,51,3,,Fri May 29 22:39:00 2015
492,,Vanda Lukacs,HUN,51,-6,-,Lost in Caserta R32Lost in Qualification Caserta R2Qualification Grado W,Lost in Grado R32,52,,Fri May 29 22:39:00 2015
493,,Ji-Hee Choi,KOR,51,1,-,Lost in Changwon R32,43,-37,,Fri May 29 22:39:00 2015
494,,Ximena Hermoso,MEX,51,-14,-,-,47,-12,,Fri May 29 22:39:00 2015
495,,Viktoria Kuzmova,SVK,51,-6,-,Lost in Sibiu QF,53,15,,Fri May 29 22:39:00 2015
496,,Nathaly Kurata,BRA,51,-5,-,-,47,-11,,Fri May 29 22:39:00 2015
497,,Kanae Hisami,JPN,50,-4,-,Lost in Karuizawa R32,43,-34,,Fri May 29 22:39:00 2015
498,,Alexandra Mueller,USA,50,16,-,-,50,9,,Fri May 29 22:39:00 2015
499,,Ellie Halbauer,USA,50,25,-,-,45,-16,,Fri May 29 22:39:00 2015
500,,Kamila Kerimbayeva,KAZ,50,-3,-,-,46,-12,,Fri May 29 22:39:00 2015
1,,Serena Williams,USA,9361,-,Roland Garros R32,-,9421,-,,Fri May 29 22:43:31 2015
2,,Maria Sharapova,RUS,7710,-,Roland Garros R16,-,5950,-2,,Fri May 29 22:43:31 2015
3,,Simona Halep,ROU,7360,-,-,Lost in Roland Garros R64,6130,-,,Fri May 29 22:43:31 2015
4,,Petra Kvitova,CZE,6760,-,Roland Garros R32,-,6760,2,,Fri May 29 22:43:31 2015
5,,Caroline Wozniacki,DEN,4940,-,-,Lost in Roland Garros R64,5000,-,,Fri May 29 22:43:31 2015
6,,Eugenie Bouchard,CAN,3888,-,-,Lost in Roland Garros R128,3118,-4,,Fri May 29 22:43:31 2015
7,,Ana Ivanovic,SRB,3655,-,Roland Garros R16,-,3765,1,,Fri May 29 22:43:31 2015
8,,Carla Suarez Navarro,ESP,3645,-,-,Lost in Roland Garros R32,3345,-,,Fri May 29 22:43:31 2015
9,,Ekaterina Makarova,RUS,3510,-,Roland Garros R16,-,3620,2,,Fri May 29 22:43:31 2015
10,,Andrea Petkovic,GER,3310,-,Roland Garros R32,-,2660,-4,,Fri May 29 22:43:31 2015
11,,Angelique Kerber,GER,3230,-,-,Lost in Roland Garros R32,3120,2,,Fri May 29 22:43:31 2015
12,,Karolina Pliskova,CZE,3010,-,-,Lost in Roland Garros R64,3010,1,,Fri May 29 22:43:31 2015
13,,Lucie Safarova,CZE,2995,-,Roland Garros R16,-,2995,1,,Fri May 29 22:43:31 2015
14,,Agnieszka Radwanska,POL,2885,-,-,Lost in Roland Garros R128,2765,1,,Fri May 29 22:43:31 2015
15,,Venus Williams,USA,2646,-,-,Lost in Roland Garros R128,2586,-,,Fri May 29 22:43:31 2015
16,,Madison Keys,USA,2275,-,Roland Garros R32,-,2395,-,,Fri May 29 22:43:31 2015
17,,Sara Errani,ITA,2140,-,Roland Garros R32,-,1840,-10,,Fri May 29 22:43:31 2015
18,,Svetlana Kuznetsova,RUS,2118,-,-,Lost in Roland Garros R64,1758,-10,,Fri May 29 22:43:31 2015
19,,Sabine Lisicki,GER,2105,1,-,Lost in Roland Garros R32,2165,1,,Fri May 29 22:43:31 2015
20,,Garbine Muguruza,ESP,2075,1,Roland Garros R16,-,1885,-3,,Fri May 29 22:43:31 2015
21,,Elina Svitolina,UKR,2045,-2,Roland Garros R16,-,2215,4,,Fri May 29 22:43:31 2015
22,,Samantha Stosur,AUS,2010,4,-,Lost in Roland Garros R32,1900,-,,Fri May 29 22:43:31 2015
23,,Barbora Strycova,CZE,1995,-1,-,Lost in Roland Garros R128,1995,4,,Fri May 29 22:43:31 2015
24,,Timea Bacsinszky,SUI,1958,-1,Roland Garros R32,-,1978,4,,Fri May 29 22:43:31 2015
25,,Jelena Jankovic,SRB,1860,-,-,Lost in Roland Garros R128,1630,-5,,Fri May 29 22:43:31 2015
26,,Shuai Peng,CHN,1842,-2,-,Lost in Roland Garros R128,1842,-,,Fri May 29 22:43:31 2015
27,,Victoria Azarenka,BLR,1733,-,Roland Garros R32,-,1863,2,,Fri May 29 22:43:31 2015
28,,Flavia Pennetta,ITA,1731,-,Roland Garros R16,-,1901,7,,Fri May 29 22:43:31 2015
29,,Alize Cornet,FRA,1700,-,Roland Garros R16,-,1870,5,,Fri May 29 22:43:31 2015
30,,Irina-Camelia Begu,ROU,1536,-,Roland Garros R32,-,1636,1,,Fri May 29 22:43:31 2015
31,,Caroline Garcia,FRA,1475,-,-,Lost in Roland Garros R128,1475,-,,Fri May 29 22:43:31 2015
32,,Zarina Diyas,KAZ,1375,-,-,Lost in Roland Garros R64,1420,-,,Fri May 29 22:43:31 2015
33,,Coco Vandeweghe,USA,1368,-,-,Lost in Roland Garros R128,1308,-1,,Fri May 29 22:43:31 2015
34,,Varvara Lepchenko,USA,1345,-,-,Lost in Roland Garros R128,1285,-3,,Fri May 29 22:43:31 2015
35,,Belinda Bencic,SUI,1320,-,-,Lost in Roland Garros R64,1380,2,,Fri May 29 22:43:31 2015
36,,Madison Brengle,USA,1304,-,-,Lost in Roland Garros R128,1284,-2,,Fri May 29 22:43:31 2015
37,,Camila Giorgi,ITA,1300,-,-,Lost in Roland Garros R64,1300,2,,Fri May 29 22:43:31 2015
38,,Roberta Vinci,ITA,1291,4,-,Lost in Roland Garros R128,1291,2,,Fri May 29 22:43:31 2015
39,,Anastasia Pavlyuchenkova,RUS,1261,-1,-,Lost in Roland Garros R128,1201,-,,Fri May 29 22:43:31 2015
40,,Sloane Stephens,USA,1250,1,Roland Garros R32,-,1140,-2,,Fri May 29 22:43:31 2015
41,,Mona Barthel,GER,1203,-2,-,Lost in Roland Garros R128,1083,-3,,Fri May 29 22:43:31 2015
42,,Karin Knapp,ITA,1175,6,-,Lost in Roland Garros R128,1175,2,,Fri May 29 22:43:31 2015
43,,Dominika Cibulkova,SVK,1163,-3,-,-,1033,-5,,Fri May 29 22:43:31 2015
44,,Kristina Mladenovic,FRA,1140,10,Roland Garros R32,-,1140,1,,Fri May 29 22:43:31 2015
45,,Heather Watson,GBR,1109,-2,-,Lost in Roland Garros R64,1069,-,,Fri May 29 22:43:31 2015
46,,Daria Gavrilova,RUS,1106,-1,-,Lost in Roland Garros R64,1168,5,,Fri May 29 22:43:31 2015
47,,Alison Riske,USA,1105,-1,-,Lost in Roland Garros R128,1045,-,,Fri May 29 22:43:31 2015
48,,Casey Dellacqua,AUS,1077,-4,-,Lost in Roland Garros R128,1017,-1,,Fri May 29 22:43:31 2015
49,,Tsvetana Pironkova,BUL,1007,-2,Roland Garros R32,-,1067,3,,Fri May 29 22:43:31 2015
50,,Kaia Kanepi,EST,1003,-1,-,Lost in Roland Garros R128,1003,-,,Fri May 29 22:43:31 2015
51,,Alexandra Dulgheru,ROU,1002,-1,-,Lost in Roland Garros R64,917,-7,,Fri May 29 22:43:31 2015
52,,Anna Karolina Schmiedlova,SVK,999,-1,-,Lost in Roland Garros R128,879,-9,,Fri May 29 22:43:31 2015
53,,Jarmila Gajdosova,AUS,998,-1,-,Lost in Roland Garros R128,978,2,,Fri May 29 22:43:31 2015
54,,Johanna Larsson,SWE,991,-1,-,Lost in Roland Garros R128,799,-13,,Fri May 29 22:43:31 2015
55,,Kurumi Nara,JPN,960,1,-,Lost in Roland Garros R64,960,-,,Fri May 29 22:43:31 2015
56,,Carina Witthoeft,GER,935,5,-,Lost in Roland Garros R64,975,4,,Fri May 29 22:43:31 2015
57,,Magdalena Rybarikova,SVK,926,1,-,Lost in Roland Garros R64,926,-,,Fri May 29 22:43:31 2015
58,,Ajla Tomljanovic,CRO,925,5,-,Lost in Roland Garros R64,755,-18,,Fri May 29 22:43:31 2015
59,,Daniela Hantuchova,SVK,915,-,-,Lost in Roland Garros R128,795,-10,,Fri May 29 22:43:31 2015
60,,Bojana Jovanovski,SRB,906,-,-,Lost in Roland Garros R64,966,7,,Fri May 29 22:43:31 2015
61,,Lucie Hradecka,CZE,896,1,-,Lost in Roland Garros R64,964,7,,Fri May 29 22:43:31 2015
62,,Saisai Zheng,CHN,884,4,-,Lost in Roland Garros R128,874,-,,Fri May 29 22:43:31 2015
63,,Lauren Davis,USA,880,1,-,Lost in Roland Garros R128,880,3,,Fri May 29 22:43:31 2015
64,,Lesia Tsurenko,UKR,877,3,-,Lost in Roland Garros R128,857,1,,Fri May 29 22:43:31 2015
65,,Tereza Smitkova,CZE,864,6,-,Lost in Roland Garros R64,904,6,,Fri May 29 22:43:31 2015
66,,Christina McHale,USA,848,-11,-,Lost in Roland Garros R128,848,1,,Fri May 29 22:43:31 2015
67,,Monica Niculescu,ROU,838,2,-,Lost in Roland Garros R128,778,-4,,Fri May 29 22:43:31 2015
68,,Katerina Siniakova,CZE,829,4,-,Lost in Roland Garros R128,787,-2,,Fri May 29 22:43:31 2015
69,,Yaroslava Shvedova,KAZ,826,-4,-,Lost in Roland Garros R128,766,-6,,Fri May 29 22:43:31 2015
70,,Mirjana Lucic-Baroni,CRO,819,-,-,Lost in Roland Garros R32,939,14,,Fri May 29 22:43:31 2015
71,,Kirsten Flipkens,BEL,815,2,-,Lost in Roland Garros R128,755,-6,,Fri May 29 22:43:31 2015
72,,Julia Goerges,GER,792,-4,Roland Garros R32,-,852,8,,Fri May 29 22:43:31 2015
73,,Tatjana Maria,GER,754,2,-,Lost in Roland Garros R128,751,-5,,Fri May 29 22:43:31 2015
74,,Shelby Rogers,USA,746,6,-,Lost in Roland Garros R128,746,-6,,Fri May 29 22:43:31 2015
75,,Polona Hercog,SLO,745,1,-,Lost in Roland Garros R64,745,-6,,Fri May 29 22:43:31 2015
76,,Teliana Pereira,BRA,745,1,-,Qualification Roland Garros WLost in Roland Garros R64,773,4,,Fri May 29 22:43:31 2015
77,,Klara Koukalova,CZE,725,1,-,Lost in Roland Garros R128,725,-7,,Fri May 29 22:43:31 2015
78,,Yanina Wickmayer,BEL,723,1,-,Lost in Roland Garros R128,663,-14,,Fri May 29 22:43:31 2015
79,,Lara Arruabarrena,ESP,723,19,-,Lost in Roland Garros R128,727,-4,,Fri May 29 22:43:31 2015
80,,Marina Erakovic,NZL,709,2,-,Lost in Roland Garros R128,649,-14,,Fri May 29 22:43:31 2015
81,,Timea Babos,HUN,693,2,-,Lost in Roland Garros R128,673,-9,,Fri May 29 22:43:31 2015
82,,Elena Vesnina,RUS,688,13,-,Lost in Roland Garros R32,748,3,,Fri May 29 22:43:31 2015
83,,Annika Beck,GER,688,-2,-,Lost in Roland Garros R32,808,17,,Fri May 29 22:43:31 2015
84,,Kiki Bertens,NED,685,6,-,Lost in Roland Garros R128,415,-43,,Fri May 29 22:43:31 2015
85,,Irina Falconi,USA,685,-1,Roland Garros R32,-,797,17,,Fri May 29 22:43:31 2015
86,,Monica Puig,PUR,680,-29,-,Lost in Roland Garros R128,680,-2,,Fri May 29 22:43:31 2015
87,,Aleksandra Krunic,SRB,678,-2,-,Lost in Roland Garros R128,668,-4,,Fri May 29 22:43:31 2015
88,,Denisa Allertova,CZE,663,-2,-,Lost in Roland Garros R64,732,6,,Fri May 29 22:43:31 2015
89,,Danka Kovinic,MNE,661,-2,-,Lost in Roland Garros R64,680,-,,Fri May 29 22:43:31 2015
90,,Evgeniya Rodina,RUS,659,1,-,Lost in Roland Garros R128,619,-8,,Fri May 29 22:43:31 2015
91,,Vitalia Diatchenko,RUS,657,-2,-,Lost in Roland Garros R64,697,5,,Fri May 29 22:43:31 2015
92,,Francesca Schiavone,ITA,652,-,Roland Garros R32,-,772,19,,Fri May 29 22:43:31 2015
93,,Alison Van Uytvanck,BEL,647,-5,Roland Garros R32,-,767,19,,Fri May 29 22:43:31 2015
94,,Ana Konjuh,CRO,643,-1,-,Lost in Roland Garros R64,689,7,,Fri May 29 22:43:31 2015
95,,Pauline Parmentier,FRA,640,-1,-,Lost in Roland Garros R128,410,-36,,Fri May 29 22:43:31 2015
96,,Stefanie Voegele,SUI,638,-,-,Lost in Roland Garros R128,578,-7,,Fri May 29 22:43:31 2015
97,,Silvia Soler-Espinosa,ESP,625,-23,-,Lost in Roland Garros R64,565,-7,,Fri May 29 22:43:31 2015
98,,Nicole Gibbs,USA,620,-1,-,Lost in Roland Garros R128,617,-1,,Fri May 29 22:43:31 2015
99,,Yulia Putintseva,KAZ,612,6,-,Lost in Roland Garros R64,652,6,,Fri May 29 22:43:31 2015
100,,Andreea Mitu,ROU,598,-1,Roland Garros R32,-,710,15,,Fri May 29 22:43:31 2015
101,,Magda Linette,POL,594,-1,-,Lost in Roland Garros R128,594,1,,Fri May 29 22:43:31 2015
102,,Kateryna Kozlova,UKR,581,-1,-,-,544,-3,,Fri May 29 22:43:31 2015
103,,Misaki Doi,JPN,576,9,-,Lost in Roland Garros R64,636,7,,Fri May 29 22:43:31 2015
104,,Mariana Duque-Marino,COL,576,-2,-,Lost in Qualification Roland Garros R2,587,2,,Fri May 29 22:43:31 2015
105,,Anna-Lena Friedsam,GER,573,-2,-,Lost in Roland Garros R64,633,8,,Fri May 29 22:43:31 2015
106,,Sesil Karatantcheva,BUL,565,-2,-,Qualification Roland Garros WLost in Roland Garros R64,643,11,,Fri May 29 22:43:31 2015
107,,Qiang Wang,CHN,558,-1,-,Lost in Roland Garros R128,510,-3,,Fri May 29 22:43:31 2015
108,,Lin Zhu,CHN,541,-1,-,Lost in Qualification Roland Garros R1,474,-7,,Fri May 29 22:43:31 2015
109,,Urszula Radwanska,POL,538,-1,-,Lost in Qualification Roland Garros R1,530,1,,Fri May 29 22:43:31 2015
110,,Jana Cepelova,SVK,531,-1,-,Lost in Qualification Roland Garros R2,541,4,,Fri May 29 22:43:31 2015
111,,An-Sophie Mestach,BEL,525,4,-,-,525,2,,Fri May 29 22:43:31 2015
112,,Elizaveta Kulichkova,RUS,523,-2,-,Lost in Qualification Roland Garros R2,535,5,,Fri May 29 22:43:31 2015
113,,Kristyna Pliskova,CZE,519,-2,-,Lost in Qualification Roland Garros R1,406,-21,,Fri May 29 22:43:31 2015
114,,Lourdes Dominguez Lino,ESP,509,-1,-,Qualification Roland Garros WLost in Roland Garros R64,594,13,,Fri May 29 22:43:31 2015
115,,Louisa Chirico,USA,507,-1,-,Lost in Roland Garros R128,505,3,,Fri May 29 22:43:31 2015
116,,Margarita Gasparyan,RUS,476,1,-,Qualification Roland Garros WLost in Roland Garros R128,506,5,,Fri May 29 22:43:31 2015
117,,Ying-Ying Duan,CHN,475,1,-,Lost in Qualification Roland Garros R1,476,3,,Fri May 29 22:43:31 2015
118,,Julia Glushko,ISR,472,-2,-,Lost in Qualification Roland Garros R1,344,-31,,Fri May 29 22:43:31 2015
119,,Shahar Peer,ISR,472,-,-,Lost in Qualification Roland Garros R3,492,6,,Fri May 29 22:43:31 2015
120,,Chanelle Scheepers,RSA,466,-,-,-,457,3,,Fri May 29 22:43:31 2015
121,,Kristina Kucova,SVK,461,-,-,Lost in Qualification Roland Garros R1,461,5,,Fri May 29 22:43:31 2015
122,,Shuai Zhang,CHN,457,4,-,Lost in Roland Garros R128,457,4,,Fri May 29 22:43:31 2015
123,,Richel Hogenkamp,NED,453,-1,-,Lost in Qualification Roland Garros R1,437,4,,Fri May 29 22:43:31 2015
124,,Olga Govortsova,BLR,439,-1,-,Lost in Qualification Roland Garros R1,431,1,,Fri May 29 22:43:31 2015
125,,Su-Wei Hsieh,TPE,437,4,-,Lost in Qualification Roland Garros R1,437,5,,Fri May 29 22:43:31 2015
126,,Michelle Larcher De Brito,POR,434,-2,-,Lost in Qualification Roland Garros R1,355,-20,,Fri May 29 22:43:31 2015
127,,Aliaksandra Sasnovich,BLR,431,-2,-,Lost in Qualification Roland Garros R1,383,-12,,Fri May 29 22:43:31 2015
128,,Alla Kudryavtseva,RUS,420,-1,-,Lost in Qualification Roland Garros R1,420,2,,Fri May 29 22:43:31 2015
129,,Ons Jabeur,TUN,420,-1,-,Lost in Qualification Roland Garros R2,435,7,,Fri May 29 22:43:31 2015
130,,Taylor Townsend,USA,419,-,-,Lost in Roland Garros R128,299,-39,,Fri May 29 22:43:31 2015
131,,Maria-Teresa Torro-Flor,ESP,417,1,-,Lost in Roland Garros R128,297,-41,,Fri May 29 22:43:31 2015
132,,Laura Siegemund,GER,417,1,-,Lost in Qualification Roland Garros R2,407,-1,,Fri May 29 22:43:31 2015
133,,Grace Min,USA,415,1,-,Lost in Qualification Roland Garros R2,395,-4,,Fri May 29 22:43:31 2015
134,,Sachia Vickery,USA,408,1,-,Lost in Qualification Roland Garros R1,408,2,,Fri May 29 22:43:31 2015
135,,Yafan Wang,CHN,407,1,-,Lost in Qualification Roland Garros R2,422,10,,Fri May 29 22:43:31 2015
136,,Anna Tatishvili,USA,405,-5,-,Lost in Qualification Roland Garros R2Lost in Qualification Grado R2,415,8,,Fri May 29 22:43:31 2015
137,,Vera Zvonareva,RUS,403,-,-,-,403,2,,Fri May 29 22:43:31 2015
138,,Kateryna Bondarenko,UKR,398,1,-,Lost in Qualification Roland Garros R3,423,14,,Fri May 29 22:43:31 2015
139,,Cagla Buyukakcay,TUR,396,1,-,Lost in Qualification Roland Garros R1,368,-3,,Fri May 29 22:43:31 2015
140,,Maryna Zanevska,UKR,396,1,-,Lost in Qualification Roland Garros R3Lost in Maribor R16,386,2,,Fri May 29 22:43:31 2015
141,,Luksika Kumkhum,THA,392,2,Xuzhou SF,-,411,11,,Fri May 29 22:43:31 2015
142,,Oceane Dodin,FRA,391,-4,-,Lost in Roland Garros R128,400,6,,Fri May 29 22:43:31 2015
143,,Johanna Konta,GBR,376,1,-,Qualification Roland Garros WLost in Roland Garros R128,363,-2,,Fri May 29 22:43:31 2015
144,,Sorana Cirstea,ROU,371,1,-,Lost in Qualification Roland Garros R3,271,-43,,Fri May 29 22:43:31 2015
145,,Dinah Pfizenmaier,GER,367,-3,-,Qualification Roland Garros WLost in Roland Garros R128,347,-2,,Fri May 29 22:43:31 2015
146,,Barbora Krejcikova,CZE,366,-,-,Lost in Qualification Roland Garros R2,373,6,,Fri May 29 22:43:31 2015
147,,Petra Cetkovska,CZE,365,-,-,Lost in Roland Garros R128,365,4,,Fri May 29 22:43:31 2015
148,,Misa Eguchi,JPN,365,-,-,Lost in Qualification Roland Garros R1,365,4,,Fri May 29 22:43:31 2015
149,,Alexandra Panova,RUS,362,-,-,Lost in Qualification Roland Garros R1,344,-1,,Fri May 29 22:43:31 2015
150,,Kimiko Date-Krumm,JPN,353,1,-,Lost in Qualification Roland Garros R1,345,2,,Fri May 29 22:43:31 2015
151,,Kai-Lin Zhang,CHN,348,3,-,Lost in Qualification Roland Garros R2,316,-13,,Fri May 29 22:43:31 2015
152,,Jelena Ostapenko,LAT,347,-,-,Lost in Qualification Roland Garros R1,343,1,,Fri May 29 22:43:31 2015
153,,Fangzhou Liu,CHN,345,-,-,Lost in Qualification Roland Garros R1Lost in Xuzhou R32,334,-1,,Fri May 29 22:43:31 2015
154,,Jie Zheng,CHN,344,-4,-,-,334,-1,,Fri May 29 22:43:31 2015
155,,Yuliya Beygelzimer,UKR,336,2,-,Lost in Qualification Roland Garros R1,298,-16,,Fri May 29 22:43:31 2015
156,,Sara Sorribes Tormo,ESP,336,-,-,Lost in Qualification Roland Garros R1,328,-3,,Fri May 29 22:43:31 2015
157,,Eri Hozumi,JPN,332,1,-,Lost in Qualification Roland Garros R1,314,-8,,Fri May 29 22:43:31 2015
158,,Petra Martic,CRO,330,-3,-,Qualification Roland Garros WLost in Roland Garros R128,370,17,,Fri May 29 22:43:31 2015
159,,Yi-Fan Xu,CHN,330,-,-,Lost in Qualification Roland Garros R1,302,-8,,Fri May 29 22:43:31 2015
160,,Paula Kania,POL,326,2,-,Qualification Roland Garros WLost in Roland Garros R64,413,31,,Fri May 29 22:43:31 2015
161,,Maria Irigoyen,ARG,326,-1,-,Lost in Grado R32,326,-,,Fri May 29 22:43:31 2015
162,,Katerina Stewart,USA,324,-1,-,Lost in Qualification Roland Garros R1,325,-,,Fri May 29 22:43:31 2015
163,,Nao Hibino,JPN,322,-,Changwon SF,-,331,6,,Fri May 29 22:43:31 2015
164,,Bethanie Mattek-Sands,USA,320,-,-,Lost in Roland Garros R128,330,6,,Fri May 29 22:43:31 2015
165,,Donna Vekic,CRO,317,-,-,Lost in Roland Garros R32,437,44,,Fri May 29 22:43:31 2015
166,,Beatriz Haddad Maia,BRA,314,1,-,Lost in Qualification Roland Garros R3Lost in Grado R16,339,13,,Fri May 29 22:43:31 2015
167,,Junri Namigata,JPN,311,1,-,Lost in Qualification Roland Garros R1Lost in Qualification Changwon R3,283,-15,,Fri May 29 22:43:31 2015
168,,Risa Ozaki,JPN,305,4,-,Lost in Qualification Roland Garros R1,299,-2,,Fri May 29 22:43:31 2015
169,,Catherine Bellis,USA,304,1,-,Lost in Qualification Roland Garros R1,306,3,,Fri May 29 22:43:31 2015
170,,Mandy Minella,LUX,302,-1,-,Lost in Caserta QF,301,2,,Fri May 29 22:43:31 2015
171,,Marina Melnikova,RUS,302,-,-,Lost in Qualification Roland Garros R1,296,-4,,Fri May 29 22:43:31 2015
172,,Paula Ormaechea,ARG,300,1,-,Lost in Qualification Roland Garros R1Lost in Grado R32,172,-74,,Fri May 29 22:43:31 2015
173,,Veronica Cepede Royg,PRY,300,1,-,Qualification Roland Garros WLost in Roland Garros R128,332,17,,Fri May 29 22:43:31 2015
174,,Hiroko Kuwata,JPN,300,1,-,Lost in Qualification Roland Garros R1,297,1,,Fri May 29 22:43:31 2015
175,,Romina Oprandi,SUI,298,27,-,Lost in Qualification Roland Garros R1,290,-4,,Fri May 29 22:43:31 2015
176,,Patricia Maria Tig,ROU,296,-,-,Lost in Qualification Roland Garros R2,297,2,,Fri May 29 22:43:31 2015
177,,Elitsa Kostova,BUL,292,-,-,Lost in Qualification Roland Garros R1,292,-1,,Fri May 29 22:43:31 2015
178,,Ana Bogdan,ROU,292,-,-,Lost in Qualification Roland Garros R1,285,-3,,Fri May 29 22:43:31 2015
179,,Gabriela Dabrowski,CAN,290,3,-,Lost in Qualification Roland Garros R2,290,-1,,Fri May 29 22:43:31 2015
180,,Nigina Abduraimova,UZB,290,-1,-,Lost in Qualification Roland Garros R1,274,-6,,Fri May 29 22:43:31 2015
181,,Melanie Oudin,USA,288,-1,-,-,247,-20,,Fri May 29 22:43:31 2015
182,,Virginie Razzano,FRA,283,69,-,Lost in Roland Garros R64,343,30,,Fri May 29 22:43:31 2015
183,,Alberta Brianti,ITA,282,-2,-,Lost in Qualification Roland Garros R2,279,-1,,Fri May 29 22:43:31 2015
184,,Zhaoxuan Yang,CHN,282,-1,-,-,271,-4,,Fri May 29 22:43:31 2015
185,,Anett Kontaveit,EST,280,7,-,Lost in Qualification Roland Garros R2,245,-17,,Fri May 29 22:43:31 2015
186,,Renata Voracova,CZE,278,7,-,Lost in Qualification Roland Garros R2,268,-4,,Fri May 29 22:43:31 2015
187,,Alexa Glatch,USA,278,-3,-,Qualification Roland Garros WLost in Roland Garros R128,327,27,,Fri May 29 22:43:31 2015
188,,Tereza Mrdeza,CRO,278,-3,-,Lost in Qualification Roland Garros R3,278,3,,Fri May 29 22:43:31 2015
189,,Ysaline Bonaventure,BEL,276,-3,-,Lost in Qualification Roland Garros R1,260,-7,,Fri May 29 22:43:31 2015
190,,Andrea Hlavackova,CZE,275,1,-,Qualification Roland Garros WLost in Roland Garros R128,323,27,,Fri May 29 22:43:31 2015
191,,Stephanie Vogt,LIE,275,-2,-,Lost in Qualification Roland Garros R1Lost in Grado R16,262,-4,,Fri May 29 22:43:31 2015
192,,Maria Sanchez,USA,275,-5,-,Lost in Qualification Roland Garros R2,294,16,,Fri May 29 22:43:31 2015
193,,Elise Mertens,BEL,273,-5,-,Lost in Moscow 2 R16,226,-19,,Fri May 29 22:43:31 2015
194,,Stephanie Foretz,FRA,269,-,-,Lost in Qualification Roland Garros R1,267,3,,Fri May 29 22:43:31 2015
195,,Anastasia Rodionova,AUS,267,-29,-,Lost in Qualification Roland Garros R3,294,18,,Fri May 29 22:43:31 2015
196,,Cindy Burger,NED,267,1,-,Lost in Moscow 2 R32,267,4,,Fri May 29 22:43:31 2015
197,,Naomi Osaka,JPN,267,4,-,-,266,4,,Fri May 29 22:43:31 2015
198,,Akgul Amanmuradova,UZB,265,-8,-,Lost in Qualification Roland Garros R1,217,-19,,Fri May 29 22:43:31 2015
199,,Tamira Paszek,AUT,261,-4,-,Lost in Qualification Roland Garros R3,181,-42,,Fri May 29 22:43:31 2015
200,,Olivia Rogowska,AUS,261,-4,-,Qualification Roland Garros WLost in Roland Garros R128,281,17,,Fri May 29 22:43:31 2015
201,,Patricia Mayr-Achleitner,AUT,258,-3,-,Lost in Qualification Roland Garros R1,250,1,,Fri May 29 22:43:31 2015
202,,Riko Sawayanagi,JPN,257,44,-,Lost in Changwon R16,252,3,,Fri May 29 22:43:31 2015
203,,Lesley Kerkhove,NED,256,-4,-,-,256,5,,Fri May 29 22:43:31 2015
204,,Varatchaya Wongteanchai,THA,255,2,-,-,245,1,,Fri May 29 22:43:31 2015
205,,Ekaterina Bychkova,RUS,253,-5,-,Lost in Qualification Roland Garros R2,264,11,,Fri May 29 22:43:31 2015
206,,Allie Kiick,USA,247,2,-,-,167,-45,,Fri May 29 22:43:31 2015
207,,Laura Pous-Tio,ESP,245,-2,-,Lost in Qualification Roland Garros R3,270,18,,Fri May 29 22:43:31 2015
208,,Anhelina Kalinina,UKR,245,-5,-,-,245,4,,Fri May 29 22:43:31 2015
209,,Julie Coin,FRA,245,-5,-,Lost in Qualification Roland Garros R2,260,12,,Fri May 29 22:43:31 2015
210,,Su Jeong Jang,KOR,244,24,-,Lost in Changwon R32,178,-32,,Fri May 29 22:43:31 2015
211,,Florencia Molinero,ARG,243,-1,-,-,234,3,,Fri May 29 22:43:31 2015
212,,Julia Boserup,USA,237,27,-,-,235,5,,Fri May 29 22:43:31 2015
213,,Anastasiya Vasylyeva,UKR,232,-1,-,Lost in Qualification Roland Garros R1Lost in Moscow 2 R16,169,-37,,Fri May 29 22:43:31 2015
214,,Bianca Botto,PER,230,-7,-,Lost in Qualification Roland Garros R1,214,-4,,Fri May 29 22:43:31 2015
215,,Jennifer Brady,USA,228,-6,-,-,228,5,,Fri May 29 22:43:31 2015
216,,Sabina Sharipova,UZB,228,-,-,-,213,-3,,Fri May 29 22:43:31 2015
217,,Katarzyna Piter,POL,226,-,Grado SF,-,234,8,,Fri May 29 22:43:31 2015
218,,Shuko Aoyama,JPN,226,-7,-,Lost in Qualification Roland Garros R1,227,7,,Fri May 29 22:43:31 2015
219,,Miharu Imanishi,JPN,226,-5,-,Lost in Changwon R32,226,6,,Fri May 29 22:43:31 2015
220,,Rebecca Peterson,SWE,226,5,Maribor SF,-,243,15,,Fri May 29 22:43:31 2015
221,,Mayo Hibi,JPN,220,-8,-,Lost in Karuizawa R16,223,6,,Fri May 29 22:43:31 2015
222,,Indy De Vroome,NED,216,-7,-,-,197,-11,,Fri May 29 22:43:31 2015
223,,Nadiia Kichenok,UKR,216,7,-,-,207,-1,,Fri May 29 22:43:31 2015
224,,Xinyun Han,CHN,215,2,Xuzhou SF,-,239,18,,Fri May 29 22:43:31 2015
225,,Marcela Zacarias,MEX,213,-7,-,-,211,4,,Fri May 29 22:43:31 2015
226,,Maria Kirilenko,RUS,211,-7,-,-,201,-2,,Fri May 29 22:43:31 2015
227,,Nastja Kolar,SLO,211,-6,-,Lost in Maribor R32,211,5,,Fri May 29 22:43:31 2015
228,,Mathilde Johansson,FRA,209,-4,-,Lost in Roland Garros R128,209,5,,Fri May 29 22:43:31 2015
229,,Ankita Raina,IND,209,-2,Xuzhou SF,-,200,-1,,Fri May 29 22:43:31 2015
230,,Yung-Jan Chan,TPE,201,-10,-,-,201,1,,Fri May 29 22:43:31 2015
231,,Ling Zhang,HKG,201,-3,-,Lost in Xuzhou R32,189,-6,,Fri May 29 22:43:31 2015
232,,Gioia Barbieri,ITA,200,-3,-,-,154,-35,,Fri May 29 22:43:31 2015
233,,Ana Vrljic,CRO,198,-2,-,Lost in Caserta R32,198,2,,Fri May 29 22:43:31 2015
234,,Aleksandra Wozniak,CAN,197,-1,-,-,157,-28,,Fri May 29 22:43:31 2015
235,,Tereza Martincova,CZE,197,-12,Grado SF,-,206,10,,Fri May 29 22:43:31 2015
236,,Lyudmyla Kichenok,UKR,195,-1,-,-,194,1,,Fri May 29 22:43:31 2015
237,,Arantxa Rus,NED,195,-,Qualification Brescia R1,-,167,-15,,Fri May 29 22:43:31 2015
238,,Naomi Broady,GBR,194,-2,-,Lost in Qualification Roland Garros R2,204,12,,Fri May 29 22:43:31 2015
239,,Maria Sakkari,GRE,191,-7,Maribor SF,-,204,12,,Fri May 29 22:43:31 2015
240,,Na-Lae Han,KOR,190,8,-,Lost in Changwon QF,198,8,,Fri May 29 22:43:31 2015
241,,Viktorija Golubic,SUI,188,-3,-,Lost in Caserta R32Lost in Grado QF,195,7,,Fri May 29 22:43:31 2015
242,,Samantha Crawford,USA,187,21,-,-,161,-17,,Fri May 29 22:43:31 2015
243,,Sofia Shapatava,GEO,186,-3,Qualification Brescia R1,Lost in Caserta R16Lost in Grado QF,155,-22,,Fri May 29 22:43:31 2015
244,,Jovana Jaksic,SRB,186,-3,-,Lost in Qualification Roland Garros R1Lost in Maribor R16,182,4,,Fri May 29 22:43:31 2015
245,,Katerina Vankova,CZE,186,-3,-,Lost in Maribor QF,190,9,,Fri May 29 22:43:31 2015
246,,Kai-Chen Chang,TPE,184,11,Xuzhou SF,-,213,26,,Fri May 29 22:43:31 2015
247,,Francoise Abanda,CAN,184,-4,-,Lost in Grado R32,167,-6,,Fri May 29 22:43:31 2015
248,,Vesna Dolonc,SRB,182,-4,-,-,143,-33,,Fri May 29 22:43:31 2015
249,,Vania King,USA,180,-27,-,-,170,1,,Fri May 29 22:43:31 2015
250,,Asia Muhammad,USA,180,8,-,-,176,6,,Fri May 29 22:43:31 2015
251,,Gabriela Ce,BRA,180,-6,Qualification Brescia R1,-,176,6,,Fri May 29 22:43:31 2015
252,,Paula Cristina Goncalves,BRA,178,-5,-,-,178,9,,Fri May 29 22:43:31 2015
253,,Ksenia Pervak,RUS,175,-4,-,-,135,-41,,Fri May 29 22:43:31 2015
254,,Ipek Soylu,TUR,175,-,Qualification Brescia R1,Lost in Caserta F,189,16,,Fri May 29 22:43:31 2015
255,,Tamarine Tanasugarn,THA,172,-3,-,-,172,8,,Fri May 29 22:43:31 2015
256,,Yuxuan Zhang,CHN,172,108,-,-,164,-2,,Fri May 29 22:43:31 2015
257,,Reka-Luca Jani,HUN,172,-4,-,Lost in Caserta SF,187,18,,Fri May 29 22:43:31 2015
258,,Olga Savchuk,UKR,170,-3,-,-,146,-18,,Fri May 29 22:43:31 2015
259,,Daria Kasatkina,RUS,170,-3,-,Caserta WLost in Moscow 2 R16,225,45,,Fri May 29 22:43:31 2015
260,,Victoria Duval,USA,168,-1,-,-,165,3,,Fri May 29 22:43:31 2015
261,,Susanne Celik,SWE,168,-1,-,-,153,-7,,Fri May 29 22:43:31 2015
262,,Lauren Embree,USA,167,-,-,-,167,8,,Fri May 29 22:43:31 2015
263,,Pemra Ozgen,TUR,166,-13,-,Lost in Moscow 2 R16,170,14,,Fri May 29 22:43:31 2015
264,,Irina Ramialison,FRA,164,-,-,-,134,-33,,Fri May 29 22:43:31 2015
265,,Xenia Knoll,SUI,164,-,-,-,130,-34,,Fri May 29 22:43:31 2015
266,,Jana Fett,CRO,163,1,-,Lost in Maribor R16,166,10,,Fri May 29 22:43:31 2015
267,,Ivana Jorovic,SRB,162,-1,-,-,152,-2,,Fri May 29 22:43:31 2015
268,,Caitlin Whoriskey,USA,161,-,-,-,147,-6,,Fri May 29 22:43:31 2015
269,,Dalila Jakupovic,SLO,161,5,-,-,157,6,,Fri May 29 22:43:31 2015
270,,Paula Badosa Gibert,ESP,160,-1,-,-,160,10,,Fri May 29 22:43:31 2015
271,,Arina Rodionova,AUS,159,8,-,-,128,-34,,Fri May 29 22:43:31 2015
272,,Amandine Hesse,FRA,158,-11,-,Lost in Roland Garros R64,218,56,,Fri May 29 22:43:31 2015
273,,Irina Khromacheva,RUS,158,-3,-,Lost in Moscow 2 R32,158,12,,Fri May 29 22:43:31 2015
274,,Anastasija Sevastova,LAT,157,33,-,-,157,10,,Fri May 29 22:43:31 2015
275,,Anne Schaefer,GER,157,-3,Grado SF,-,167,20,,Fri May 29 22:43:31 2015
276,,Manon Arcangioli,FRA,155,-1,-,Lost in Roland Garros R128,152,6,,Fri May 29 22:43:31 2015
277,,Olga Ianchuk,UKR,155,-1,-,Lost in Moscow 2 R32,152,6,,Fri May 29 22:43:31 2015
278,,Marta Sirotkina,RUS,152,-,-,-,137,-10,,Fri May 29 22:43:31 2015
279,,Alize Lim,FRA,151,6,-,Lost in Roland Garros R128,151,7,,Fri May 29 22:43:31 2015
280,,Chieh-Yu Hsu,TPE,151,6,-,Lost in Bhopal QFLost in Bangkok 4 SF,138,-7,,Fri May 29 22:43:31 2015
281,,Sanaz Marand,USA,148,-1,-,-,144,1,,Fri May 29 22:43:31 2015
282,,Myrtille Georges,FRA,147,-5,Qualification Brescia R1,Lost in Qualification Roland Garros R1Lost in Grado R32,129,-20,,Fri May 29 22:43:31 2015
283,,Jessica Moore,AUS,145,4,-,-,124,-26,,Fri May 29 22:43:31 2015
284,,Quirine Lemoine,NED,145,-2,-,Lost in Caserta R32,145,6,,Fri May 29 22:43:31 2015
285,,Katy Dunne,GBR,144,-2,-,Lost in Karuizawa R32,135,-10,,Fri May 29 22:43:31 2015
286,,Chang Liu,CHN,144,66,-,-,135,-10,,Fri May 29 22:43:31 2015
287,,Ana Sofia Sanchez,MEX,144,-6,Qualification Brescia R1,-,137,-2,,Fri May 29 22:43:31 2015
288,,Nicole Vaidisova,CZE,143,-4,-,-,143,6,,Fri May 29 22:43:31 2015
289,,Montserrat Gonzalez,PRY,143,-16,-,Lost in Caserta R32Lost in Grado R16,130,-11,,Fri May 29 22:43:31 2015
290,,Anastasia Pivovarova,RUS,141,16,-,Lost in Xuzhou R32,129,-13,,Fri May 29 22:43:31 2015
291,,Elizaveta Ianchuk,UKR,141,-3,-,Lost in Moscow 2 R16,142,7,,Fri May 29 22:43:31 2015
292,,Nina Stojanovic,SRB,140,-2,-,Lost in Xuzhou R16,147,17,,Fri May 29 22:43:31 2015
293,,Carol Zhao,CAN,139,-4,-,-,139,7,,Fri May 29 22:43:31 2015
294,,Aleksandrina Naydenova,BUL,137,6,-,-,137,4,,Fri May 29 22:43:31 2015
295,,Edina Gallovits-Hall,USA,136,-4,-,-,136,4,,Fri May 29 22:43:31 2015
296,,Giulia Gatto-Monticone,ITA,136,2,Qualification Brescia R1,Lost in Caserta R32Lost in Maribor QF,140,11,,Fri May 29 22:43:31 2015
297,,Rebecca Sramkova,SVK,136,-4,-,Lost in Caserta R32,136,5,,Fri May 29 22:43:31 2015
298,,Ema Mikulcic,CRO,136,-4,Maribor SF,-,150,25,,Fri May 29 22:43:31 2015
299,,Sofia Arvidsson,SWE,135,-4,-,-,110,-33,,Fri May 29 22:43:31 2015
300,,Miyabi Inoue,JPN,135,3,-,Lost in Balikpapan R16,116,-20,,Fri May 29 22:43:31 2015
301,,Irena Pavlovic,FRA,133,-5,-,-,113,-24,,Fri May 29 22:43:31 2015
302,,Barbara Haas,AUT,131,-3,-,Lost in Maribor R32,125,-5,,Fri May 29 22:43:31 2015
303,,Bernarda Pera,USA,130,-6,-,-,130,2,,Fri May 29 22:43:31 2015
304,,Victoria Rodriguez,MEX,129,-3,-,-,129,-,,Fri May 29 22:43:31 2015
305,,Conny Perrin,SUI,129,-3,-,Lost in Caserta R16Lost in Maribor R16,133,7,,Fri May 29 22:43:31 2015
306,,Claire Feuerstein,FRA,127,-35,-,-,57,-155,,Fri May 29 22:43:31 2015
307,,Emily Webley-Smith,GBR,127,-3,-,Lost in Changwon R32,127,1,,Fri May 29 22:43:31 2015
308,,Constance Sibille,FRA,127,12,-,-,122,-3,,Fri May 29 22:43:31 2015
309,,Klaartje Liebens,BEL,125,-1,-,Lost in Caserta R32Lost in Maribor R32,125,1,,Fri May 29 22:43:31 2015
310,,Andrea Gamiz,VEN,123,1,Qualification Brescia R1,Lost in Grado R16,78,-87,,Fri May 29 22:43:31 2015
311,,Jia-Jing Lu,CHN,123,1,Balikpapan SF,-,136,18,,Fri May 29 22:43:31 2015
312,,Chanel Simmonds,RSA,122,1,-,Lost in Antalya 20 QF,121,-1,,Fri May 29 22:43:31 2015
313,,Veronika Kapshay,UKR,122,1,-,-,93,-46,,Fri May 29 22:43:31 2015
314,,Clothilde De Bernardi,FRA,122,1,-,Lost in Qualification Roland Garros R3,145,35,,Fri May 29 22:43:31 2015
315,,Amanda Carreras,GBR,121,1,Qualification Brescia R1,Lost in Qualification Grado R2,121,1,,Fri May 29 22:43:31 2015
316,,Nina Zander,GER,119,-24,-,Lost in Maribor R16,119,-,,Fri May 29 22:43:31 2015
317,,Polina Vinogradova,RUS,118,-12,Moscow 2 F,-,146,40,,Fri May 29 22:43:31 2015
318,,Valentyna Ivakhnenko,RUS,117,-,-,Lost in Moscow 2 QF,121,3,,Fri May 29 22:43:31 2015
319,,Ekaterina Alexandrova,RUS,116,2,-,Lost in Maribor R16,111,-10,,Fri May 29 22:43:31 2015
320,,Pernilla Mendesova,CZE,116,2,-,Lost in Szczawno Zdroj R32Lost in Maribor R32,105,-20,,Fri May 29 22:43:31 2015
321,,Sharon Fichman,CAN,115,-2,-,Lost in Grado R16,89,-49,,Fri May 29 22:43:31 2015
322,,Tadeja Majeric,SLO,115,1,-,Lost in Maribor R16,118,5,,Fri May 29 22:43:31 2015
323,,Sofiya Kovalets,UKR,115,1,-,Lost in Caserta R32,111,-7,,Fri May 29 22:43:31 2015
324,,Alexandra Cadantu,ROU,114,1,-,Lost in Caserta QFLost in Maribor R32,113,-2,,Fri May 29 22:43:31 2015
325,,Fiona Ferro,FRA,114,1,-,Lost in Roland Garros R128,114,2,,Fri May 29 22:43:31 2015
326,,Victoria Kan,RUS,113,1,-,Lost in Qualification Roland Garros R2Qualification Maribor WLost in Maribor QF,143,43,,Fri May 29 22:43:31 2015
327,,Lara Michel,SUI,112,-17,Qualification Brescia R1,Lost in Maribor R32,94,-28,,Fri May 29 22:43:31 2015
328,,Fernanda Brito,CHI,111,2,-,-,104,-13,,Fri May 29 22:43:31 2015
329,,Diana Marcinkevica,LAT,109,-12,-,Lost in Grado R32,108,-4,,Fri May 29 22:43:31 2015
330,,Barbora Stefkova,CZE,109,1,-,-,87,-49,,Fri May 29 22:43:31 2015
331,,Martina Caregaro,ITA,109,8,-,Lost in Grado QF,117,13,,Fri May 29 22:43:31 2015
332,,Alyona Sotnikova,UKR,108,-,-,Lost in Moscow 2 QF,116,11,,Fri May 29 22:43:31 2015
333,,Antonia Lottner,GER,107,1,-,Lost in Grado R16,111,2,,Fri May 29 22:43:31 2015
334,,Valeria Savinykh,RUS,107,1,-,-,107,-1,,Fri May 29 22:43:31 2015
335,,Ekaterine Gorgodze,GEO,107,1,Qualification Brescia R1,Lost in Caserta QFLost in Maribor QF,112,7,,Fri May 29 22:43:31 2015
336,,Petra Rampre,SLO,106,9,-,-,106,-1,,Fri May 29 22:43:31 2015
337,,Natela Dzalamidze,RUS,106,-8,-,Lost in Moscow 2 SF,123,27,,Fri May 29 22:43:31 2015
338,,Veronika Kudermetova,RUS,105,-1,-,Lost in Caserta R16Lost in Moscow 2 R32,106,-,,Fri May 29 22:43:31 2015
339,,Pia Konig,AUT,105,-1,-,Lost in Moscow 2 R16,106,-,,Fri May 29 22:43:31 2015
340,,Adrijana Lekaj,CRO,105,-,-,Qualification Caserta WLost in Caserta QFQualification Maribor W,Lost in Maribor R32,113,,Fri May 29 22:43:31 2015
341,,Olga Saez Larra,ESP,104,-8,-,Qualification Caserta WLost in Caserta R16Lost in Grado QF,101,-6,,Fri May 29 22:43:31 2015
342,,Jasmine Paolini,ITA,104,-1,-,Lost in Caserta R16,108,8,,Fri May 29 22:43:31 2015
343,,Sandra Zaniewska,POL,104,-1,-,-,104,1,,Fri May 29 22:43:31 2015
344,,Chloe Paquet,FRA,103,42,-,Lost in Qualification Roland Garros R2,122,32,,Fri May 29 22:43:31 2015
345,,Zuzana Zlochova,SVK,103,13,-,Lost in Changwon R32,99,-4,,Fri May 29 22:43:31 2015
346,,Valeriya Strakhova,UKR,103,-3,-,-,103,3,,Fri May 29 22:43:31 2015
347,,Justyna Jegiolka,POL,102,-3,-,-,96,-5,,Fri May 29 22:43:31 2015
348,,Martina Borecka,CZE,101,-1,-,Szczawno Zdroj W,107,12,,Fri May 29 22:43:31 2015
349,,Iva Mekovec,CRO,101,-1,-,Lost in Qualification Maribor R3,101,1,,Fri May 29 22:43:31 2015
350,,Vojislava Lukic,SRB,99,-,-,Lost in Changwon R16,102,5,,Fri May 29 22:43:31 2015
351,,Natalia Vikhlyantseva,RUS,98,-,Qualification Brescia R1,Lost in Moscow 2 R32,99,1,,Fri May 29 22:43:31 2015
352,,Dia Evtimova,BUL,98,-24,-,Lost in Caserta R32Lost in Grado R32,81,-37,,Fri May 29 22:43:31 2015
353,,Ya-Hsuan Lee,TPE,97,19,Changwon SF,-,114,29,,Fri May 29 22:43:31 2015
354,,Ching-Wen Hsu,TPE,97,30,-,-,89,-17,,Fri May 29 22:43:31 2015
355,,Elena Bogdan,ROU,96,-2,-,Lost in Qualification Eastbourne R2,93,-5,,Fri May 29 22:43:31 2015
356,,Alison Bai,AUS,96,-1,Qualification Eastbourne R2,Lost in Xuzhou R32,96,3,,Fri May 29 22:43:31 2015
357,,Heidi El Tabakh,CAN,95,5,Qualification Brescia R1,Lost in Qualification Roland Garros R1Lost in Maribor R32,93,-4,,Fri May 29 22:43:31 2015
358,,Erika Sema,JPN,95,20,-,Lost in Balikpapan QF,102,12,,Fri May 29 22:43:31 2015
359,,Ilona Kremen,BLR,95,-5,-,-,90,-9,,Fri May 29 22:43:31 2015
360,,Gaia Sanesi,ITA,95,-3,-,Lost in Qualification Caserta R1,94,4,,Fri May 29 22:43:31 2015
361,,Viktoriya Tomova,BUL,95,-15,-,Lost in Bol 4 R16,71,-58,,Fri May 29 22:43:31 2015
362,,Yvonne Cavalle-Reimers,ESP,95,-3,Qualification Brescia R1,Lost in Qualification Grado R2,92,-,,Fri May 29 22:43:31 2015
363,,Nadia Podoroska,ARG,95,10,-,Qualification Caserta WLost in Caserta R32Qualification Grado W,Lost in Grado R32,85,,Fri May 29 22:43:31 2015
364,,Ayaka Okuno,JPN,95,-4,Balikpapan SF,Lost in Karuizawa R16,116,42,,Fri May 29 22:43:31 2015
365,,Margarita Lazareva,RUS,95,-4,-,Lost in Szczawno Zdroj R32Lost in Moscow 2 R32,80,-26,,Fri May 29 22:43:31 2015
366,,Anna Morgina,RUS,94,-3,-,Lost in Karuizawa R32Lost in Changwon R16,97,15,,Fri May 29 22:43:31 2015
367,,Andrea Koch-Benvenuto,CHI,93,-11,-,-,92,4,,Fri May 29 22:43:31 2015
368,,Sofia Kvatsabaia,GEO,93,2,Qualification Brescia R1,Lost in Qualification Maribor R3,89,-4,,Fri May 29 22:43:31 2015
369,,Miyu Kato,JPN,92,-3,Balikpapan SF,Karuizawa W,155,103,,Fri May 29 22:43:31 2015
370,,Ellen Allgurin,SWE,92,-3,-,-,92,6,,Fri May 29 22:43:31 2015
371,,Lucia Cervera-Vazquez,ESP,92,-6,-,Qualification Caserta WLost in Caserta R32Qualification Grado W,Lost in Grado R32,89,,Fri May 29 22:43:31 2015
372,,Deniz Khazaniuk,ISR,92,26,-,Netanya W,103,28,,Fri May 29 22:43:31 2015
373,,Sherazad Reix,FRA,92,-5,-,-,92,8,,Fri May 29 22:43:31 2015
374,,Petra Krejsova,CZE,91,-3,-,Qualification Maribor WLost in Maribor R32,92,8,,Fri May 29 22:43:31 2015
375,,Anastasia Grymalska,ITA,89,13,Qualification Brescia R1,-,85,-8,,Fri May 29 22:43:31 2015
376,,Yan Wang,CHN,89,-2,-,-,83,-10,,Fri May 29 22:43:31 2015
377,,Ana Savic,CRO,89,-2,-,-,79,-16,,Fri May 29 22:43:31 2015
378,,Gabriela Pantuckova,CZE,89,7,-,-,89,4,,Fri May 29 22:43:31 2015
379,,Despina Papamichail,GRE,89,-3,Sharm El Sheikh 17 SF,Lost in Velenje QF,89,4,,Fri May 29 22:43:31 2015
380,,Silvia Njiric,CRO,89,-3,-,Lost in Velenje SFLost in Moscow 2 R32,89,4,,Fri May 29 22:43:31 2015
381,,Nudnida Luangnam,THA,88,-2,-,Lost in Balikpapan QF,87,1,,Fri May 29 22:43:31 2015
382,,Victoria Bosio,ARG,88,-2,-,-,74,-25,,Fri May 29 22:43:31 2015
383,,Jessica Pegula,USA,87,-2,-,Lost in Qualification Roland Garros R3,117,64,,Fri May 29 22:43:31 2015
384,,Lina Gjorcheska,MKD,87,12,-,Lost in Bol 4 F,80,-8,,Fri May 29 22:43:31 2015
385,,Nuria Parrizas Diaz,ESP,86,-16,-,-,83,-2,,Fri May 29 22:43:31 2015
386,,Danielle Lao,USA,85,22,-,Lost in Xuzhou R16,88,8,,Fri May 29 22:43:31 2015
387,,Naomi Cavaday,GBR,85,-,-,Lost in Sharm El Sheikh 16 F,92,20,,Fri May 29 22:43:31 2015
388,,Laura Pigossi,BRA,84,1,-,-,60,-64,,Fri May 29 22:43:31 2015
389,,Irina Maria Bara,ROU,84,2,Antalya 20 SF,Lost in Antalya 19 SF,90,20,,Fri May 29 22:43:31 2015
390,,Isabella Shinikova,BUL,84,-7,-,Qualification Caserta WLost in Caserta SF,83,2,,Fri May 29 22:43:31 2015
391,,Lou Brouleau,FRA,83,2,-,Lost in Qualification Roland Garros R1,78,-7,,Fri May 29 22:43:31 2015
392,,Harriet Dart,GBR,83,-2,-,Lost in Karuizawa R16Lost in Balikpapan QF,94,35,,Fri May 29 22:43:31 2015
393,,Kathinka Von Deichmann,LIE,83,-1,-,Lost in Qualification Caserta R2Lost in Qualification Grado R1,71,-27,,Fri May 29 22:43:31 2015
394,,Lisa-Maria Moser,AUT,82,-,-,Lost in Velenje R16Lost in Qualification Maribor R3,78,-5,,Fri May 29 22:43:31 2015
395,,Cristina Dinu,ROU,82,-,-,Lost in Qualification Caserta R2Qualification Grado WLost in Grado R32,84,11,,Fri May 29 22:43:31 2015
396,,Tena Lukas,CRO,82,3,Bol 5 F,Lost in Bol 4 SF,76,-4,,Fri May 29 22:43:31 2015
397,,Ashleigh Barty,AUS,81,-48,-,-,71,-24,,Fri May 29 22:43:31 2015
398,,Katarzyna Kawa,POL,81,-1,-,Lost in Szczawno Zdroj QFLost in Moscow 2 QF,87,17,,Fri May 29 22:43:31 2015
399,,Mi Yoo,KOR,80,2,-,-,71,-23,,Fri May 29 22:43:31 2015
400,,Michaella Krajicek,NED,79,2,-,-,79,6,,Fri May 29 22:43:31 2015
401,,Tara Moore,GBR,79,2,Qualification Eastbourne R2,Lost in Qualification Caserta R1,62,-47,,Fri May 29 22:43:31 2015
402,,Akiko Omae,JPN,79,4,Balikpapan SF,-,96,48,,Fri May 29 22:43:31 2015
403,,Alexa Guarachi,USA,79,22,-,-,79,8,,Fri May 29 22:43:31 2015
404,,Monique Adamczak,AUS,78,-,-,-,69,-25,,Fri May 29 22:43:31 2015
405,,Jesika Maleckova,CZE,78,-,-,Lost in Szczawno Zdroj F,84,20,,Fri May 29 22:43:31 2015
406,,Beatriz Garcia Vidagany,ESP,77,-97,-,-,72,-9,,Fri May 29 22:43:31 2015
407,,Marina Shamayko,RUS,77,-,Qualification Brescia R1,Qualification Grado WLost in Grado R32,73,-3,,Fri May 29 22:43:31 2015
408,,Harmony Tan,FRA,77,1,-,Lost in Qualification Roland Garros R1,79,12,,Fri May 29 22:43:31 2015
409,,Jan Abaza,USA,77,8,-,-,75,5,,Fri May 29 22:43:31 2015
410,,Guadalupe Perez Rojas,ARG,77,-,-,-,68,-21,,Fri May 29 22:43:31 2015
411,,Alice Savoretti,ITA,76,8,-,Lost in Qualification Grado R2,76,10,,Fri May 29 22:43:31 2015
412,,Valeria Solovyeva,RUS,75,-1,-,-,70,-13,,Fri May 29 22:43:31 2015
413,,Melis Sezer,TUR,75,15,-,Lost in Antalya 19 QF,67,-23,,Fri May 29 22:43:31 2015
414,,Anastasia Pribylova,RUS,75,-32,-,Lost in Velenje R32Lost in Qualification Maribor R2,73,3,,Fri May 29 22:43:31 2015
415,,Marie Benoit,BEL,75,-2,-,-,75,10,,Fri May 29 22:43:31 2015
416,,Katie Boulter,GBR,74,-2,-,-,73,4,,Fri May 29 22:43:31 2015
417,,Tornado Alicia Black,USA,73,-2,-,-,73,4,,Fri May 29 22:43:31 2015
418,,Magdalena Frech,POL,73,-6,-,Lost in Szczawno Zdroj QF,74,10,,Fri May 29 22:43:31 2015
419,,Lauren Albanese,USA,73,13,-,-,73,5,,Fri May 29 22:43:31 2015
420,,Alexandra Nancarrow,AUS,73,-4,-,Lost in Qualification Caserta R1Lost in Qualification Maribor R2,68,-12,,Fri May 29 22:43:31 2015
421,,Noppawan Lertcheewakarn,THA,72,1,-,Lost in Xuzhou R16,75,15,,Fri May 29 22:43:31 2015
422,,Alexandra Stevenson,USA,72,-4,-,-,72,6,,Fri May 29 22:43:31 2015
423,,Melinda Czink,HUN,71,-2,-,-,70,-3,,Fri May 29 22:43:31 2015
424,,Mari Tanaka,JPN,71,-1,-,-,52,-59,,Fri May 29 22:43:31 2015
425,,Mihaela Buzarnescu,ROU,71,-1,-,-,71,2,,Fri May 29 22:43:31 2015
426,,Diana Buzean,ROU,71,-6,-,-,71,2,,Fri May 29 22:43:31 2015
427,,Naomi Totka,HUN,71,6,-,Lost in Netanya QFLost in Balikpapan R16,74,18,,Fri May 29 22:43:31 2015
428,,Doroteja Eric,SRB,70,-1,Maribor SF,Lost in Velenje QFQualification Maribor W,89,51,,Fri May 29 22:43:31 2015
429,,Amy Bowtell,IRL,70,2,-,-,62,-20,,Fri May 29 22:43:31 2015
430,,Polina Leykina,RUS,70,-30,-,Lost in Moscow 2 R32,70,3,,Fri May 29 22:43:31 2015
431,,Melanie Klaffner,AUT,69,-5,-,-,67,-6,,Fri May 29 22:43:31 2015
432,,Julia Terziyska,BUL,69,38,-,Sharm El Sheikh 16 W,81,42,,Fri May 29 22:43:31 2015
433,,Francesca Segarelli,DOM,68,-3,-,-,68,-,,Fri May 29 22:43:31 2015
434,,Alice Matteucci,ITA,68,-5,Sharm El Sheikh 17 SF,Lost in Qualification Caserta R2,72,17,,Fri May 29 22:43:31 2015
435,,Melanie Stokke,NOR,68,2,-,Lost in Qualification Moscow 2 R1,68,1,,Fri May 29 22:43:31 2015
436,,Ayumi Morita,JPN,67,-2,-,-,37,-132,,Fri May 29 22:43:31 2015
437,,Polina Monova,RUS,67,-2,-,Lost in Moscow 2 R32,60,-16,,Fri May 29 22:43:31 2015
438,,Dalma Galfi,HUN,67,-2,-,-,67,-,,Fri May 29 22:43:31 2015
439,,Anna Klasen,GER,67,-1,-,Lost in Velenje QFLost in Qualification Maribor R2,68,4,,Fri May 29 22:43:31 2015
440,,Cristina Ene,ROU,66,-,-,Lost in Sibiu R32Lost in Galati R16,67,1,,Fri May 29 22:43:31 2015
441,,Tamara Korpatsch,GER,66,-,Qualification Brescia R1,-,66,-,,Fri May 29 22:43:31 2015
442,,Ksenia Palkina,KGZ,66,36,-,Lost in Qualification Moscow 2 R2,66,-,,Fri May 29 22:43:31 2015
443,,Dea Herdzelas,BIH,66,-1,-,-,65,-3,,Fri May 29 22:43:31 2015
444,,Sviatlana Pirazhenka,BLR,66,-5,-,-,66,1,,Fri May 29 22:43:31 2015
445,,Makoto Ninomiya,JPN,65,-2,-,Lost in Karuizawa FLost in Changwon R32,94,87,,Fri May 29 22:43:31 2015
446,,Mana Ayukawa,JPN,65,-1,-,Lost in Karuizawa QFLost in Changwon QF,70,18,,Fri May 29 22:43:31 2015
447,,Corinna Dentoni,ITA,64,-1,-,Lost in Qualification Grado R2,64,-,,Fri May 29 22:43:31 2015
448,,Yuuki Tanaka,JPN,64,-1,-,Lost in Karuizawa QF,69,18,,Fri May 29 22:43:31 2015
449,,Tori Kinard,USA,63,-1,-,Lost in Changwon R32,59,-6,,Fri May 29 22:43:31 2015
450,,Katerina Kramperova,CZE,63,-,-,Lost in Velenje SFLost in Qualification Maribor R3,66,6,,Fri May 29 22:43:31 2015
451,,Nadja Gilchrist,USA,63,20,-,-,55,-21,,Fri May 29 22:43:31 2015
452,,Nicoleta Dascalu,ROU,63,3,-,Lost in Sibiu SF,56,-14,,Fri May 29 22:43:31 2015
453,,Elena-Teodora Cadar,ROU,63,7,-,Lost in Sharm El Sheikh 16 SFLost in Sharm El Sheikh 17 R16,51,-34,,Fri May 29 22:43:31 2015
454,,Fatma Al Nabhani,OMA,62,-3,-,-,43,-74,,Fri May 29 22:43:31 2015
455,,Nicha Lertpitaksinchai,THA,62,-3,-,Bangkok 3 WLost in Balikpapan R32,66,10,,Fri May 29 22:43:31 2015
456,,Storm Sanders,AUS,61,-3,-,-,59,-,,Fri May 29 22:43:31 2015
457,,Peangtarn Plipuech,THA,61,-3,-,Lost in Bangkok 3 F,58,-,,Fri May 29 22:43:31 2015
458,,Hyun Hui Hong,KOR,61,-1,-,Lost in Changwon R32,11,-329,,Fri May 29 22:43:31 2015
459,,Anna Remondina,ITA,61,-,-,Lost in Galati SF,56,-8,,Fri May 29 22:43:31 2015
460,,Ola Abou Zekry,EGY,61,-4,Sharm El Sheikh 17 SF,Lost in Sharm El Sheikh 16 R32,56,-8,,Fri May 29 22:43:31 2015
461,,Chantal Skamlova,SVK,60,-12,-,-,48,-35,,Fri May 29 22:43:31 2015
462,,Claudia Giovine,ITA,60,-4,Qualification Brescia R1,Lost in Caserta R16,55,-11,,Fri May 29 22:43:31 2015
463,,Eva Birnerova,CZE,59,-2,-,-,43,-66,,Fri May 29 22:43:31 2015
464,,Martina Trevisan,ITA,59,45,Qualification Brescia R1,Lost in Caserta R32,58,6,,Fri May 29 22:43:31 2015
465,,Kristie Ahn,USA,58,61,Changwon SF,-,76,63,,Fri May 29 22:43:31 2015
466,,Marianna Zakarlyuk,UKR,58,-2,-,Lost in Karuizawa R16,56,-3,,Fri May 29 22:43:31 2015
467,,Julia Stamatova,BUL,58,-1,-,Lost in Qualification Maribor R2,54,-10,,Fri May 29 22:43:31 2015
468,,Estrella Cabeza Candela,ESP,57,-1,-,Lost in Qualification Caserta R2Qualification Maribor WLost in Maribor R32,48,-29,,Fri May 29 22:43:31 2015
469,,Eleni Daniilidou,GRE,57,-1,Qualification Eastbourne R2,Lost in Qualification Maribor R1,31,-151,,Fri May 29 22:43:31 2015
470,,Ksenia Lykina,RUS,57,-1,-,Lost in Changwon R32,57,8,,Fri May 29 22:43:31 2015
471,,Kyoka Okamura,JPN,57,24,-,Lost in Changwon R16,61,20,,Fri May 29 22:43:31 2015
472,,Cristina Sanchez-Quintanar,ESP,57,24,-,-,57,9,,Fri May 29 22:43:31 2015
473,,Georgina Garcia Perez,ESP,57,47,Qualification Eastbourne R2,-,57,9,,Fri May 29 22:43:31 2015
474,,Valeria Prosperi,ITA,57,16,Qualification Brescia R1,Lost in Grado R16,60,20,,Fri May 29 22:43:31 2015
475,,Marie Bouzkova,CZE,56,-2,-,Lost in Xuzhou R32,57,10,,Fri May 29 22:43:31 2015
476,,Hilda Melander,SWE,56,-13,-,-,56,6,,Fri May 29 22:43:31 2015
477,,Georgia Brescia,ITA,56,-5,-,Lost in Caserta R16Lost in Grado R32,62,27,,Fri May 29 22:43:31 2015
478,,Miki Miyamura,JPN,55,-4,-,Lost in Karuizawa SF,72,60,,Fri May 29 22:43:31 2015
479,,Eduarda Piai,BRA,55,-4,-,-,55,5,,Fri May 29 22:43:31 2015
480,,Ekaterina Yashina,RUS,55,-4,-,-,47,-24,,Fri May 29 22:43:31 2015
481,,Petra Uberalova,SVK,55,-4,-,Lost in Qualification Caserta R2Lost in Qualification Grado R2,53,2,,Fri May 29 22:43:31 2015
482,,Valentini Grammatikopoulou,GRE,55,-3,-,-,55,7,,Fri May 29 22:43:31 2015
483,,Daiana Negreanu,ROU,55,-21,-,-,48,-15,,Fri May 29 22:43:31 2015
484,,Yuliana Lizarazo,COL,53,-40,-,-,47,-21,,Fri May 29 22:43:31 2015
485,,Tess Sugnaux,SUI,53,-20,-,Lost in Qualification Caserta R2Qualification Grado WLost in Grado R32,54,7,,Fri May 29 22:43:31 2015
486,,Chiaki Okadaue,JPN,52,-3,-,Lost in Karuizawa R32,39,-62,,Fri May 29 22:43:31 2015
487,,Ana Paula Neffa De Los Rios,PRY,52,-,-,-,52,3,,Fri May 29 22:43:31 2015
488,,Jing-Jing Lu,CHN,52,216,-,Lost in Xuzhou QF,67,48,,Fri May 29 22:43:31 2015
489,,Ashley Weinhold,USA,52,-5,-,-,22,-216,,Fri May 29 22:43:31 2015
490,,Mai Minokoshi,JPN,52,-5,-,Lost in Karuizawa R16,52,5,,Fri May 29 22:43:31 2015
491,,Ran Tian,CHN,51,1,-,Lost in Xuzhou R32,51,3,,Fri May 29 22:43:31 2015
492,,Vanda Lukacs,HUN,51,-6,-,Lost in Caserta R32Lost in Qualification Caserta R2Qualification Grado W,Lost in Grado R32,52,,Fri May 29 22:43:31 2015
493,,Ji-Hee Choi,KOR,51,1,-,Lost in Changwon R32,43,-37,,Fri May 29 22:43:31 2015
494,,Ximena Hermoso,MEX,51,-14,-,-,47,-12,,Fri May 29 22:43:31 2015
495,,Viktoria Kuzmova,SVK,51,-6,-,Lost in Sibiu QF,53,15,,Fri May 29 22:43:31 2015
496,,Nathaly Kurata,BRA,51,-5,-,-,47,-11,,Fri May 29 22:43:31 2015
497,,Kanae Hisami,JPN,50,-4,-,Lost in Karuizawa R32,43,-34,,Fri May 29 22:43:31 2015
498,,Alexandra Mueller,USA,50,16,-,-,50,9,,Fri May 29 22:43:31 2015
499,,Ellie Halbauer,USA,50,25,-,-,45,-16,,Fri May 29 22:43:31 2015
500,,Kamila Kerimbayeva,KAZ,50,-3,-,-,46,-12,,Fri May 29 22:43:31 2015
